index;Label;text
0;1;Sweet United Nations video. Just in time for Christmas. #imagine #NoReligion  http://t.co/fej2v3OUBR
1;1;@mrdahl87 We are rumored to have talked to Erv's agent... and the Angels asked about Ed Escobar... that's hardly nothing    
2;1;Hey there! Nice to see you Minnesota/ND Winter Weather 
3;0;3 episodes left I'm dying over here
4;1;I can't breathe! was chosen as the most notable quote of the year in an annual list released by a Yale University librarian 
5;0;You're never too old for Footie Pajamas. http://t.co/ElzGqsX2yQ
6;1;Nothing makes me happier then getting on the highway and seeing break lights light up like a Christmas tree.. 
7;0;4:30 an opening my first beer now gonna be a long night/day
8;0;@Adam_Klug do you think you would support a guy who knocked out your daughter? Rice doesn't deserve support.
9;0;@samcguigan544 You are not allowed to open that until Christmas day!
10;1;Oh, thank GOD - our entire office email system is down... the day of a big event. Santa, you know JUST what to get me for xmas. 
11;0;But instead, I'm scrolling through Facebook, Instagram, and Twitter for hours on end, accomplishing nothing. 
12;0;@TargetZonePT :pouting_face: no he bloody isn't I was upstairs getting changed !
13;0;Cold or warmth both suffuse one's cheeks with pink (colour/tone) ... Do you understand the underlying difference & its texture?
14;1;Just great when you're mobile bill arrives by text 
15;1;crushes are great until you realize they'll never be interested in you.| :p
16;1;Buffalo sports media is smarter than all of us. Where else can you get the quality insight offered by Harrington and Busgaglia. 
17;0;I guess my cat also lost 3 pounds when she went to the vet after I've been feeding her a few times a day.||#Eating|#food| |#WorkingOut
18;1;@YankeesWFAN @Ken_Rosenthal trading a SP for a defense-only SS? Brilliant trade. 
19;1;But @DarklightDave was trying to find us, and my battery died. Guess how he found us? Yes, that bastard wand! !!!!!
20;1;@deputymartinski please do..i need the second hand embarrassment so desperatly on my phone 
21;0;I never cared for Beyonce, bc I could never get a sense of who she was. Her interviews lacked depth. @AZEALIABANKS tho....this girl got IT.
22;1;@yWTorres9 time to hit the books then 
23;0;@RushOrderTees THX4FLW! FLWtheMUSIC @ElektrikEventz @ElektrikMetro WE R #ElektrikBLOOM #ElektrikFANTASY #iwant2DRIFT #Elev8TheUnderground!
24;1;Love these cold winter mornings :grimacing_face: best feeling everrrrrrr !
25;0;Amazingly http://t.co/NEioZuNbLD is not owned by #BHP. They are going to have to shell out some decent money for it. #BHPBilliton #South32
26;0;Wish she could have told me herself. @NicoleScherzy #nicolescherzinger #OneLove #myfav #MyQueen :heavy_black_heart:️:heavy_black_heart:️ http://t.co/queL09fqyr
27;0;The rain has made extra extra lazy:smiling_face_with_open_mouth_and_cold_sweat:
28;0;I was doing great with this summary of my year until I got to June 27th, and the weekend of @Hartswormx3 's birthday. #rivertrip #groupchat
29;0;see, that MIGHT show up on a background check, and you'd be denied its a catch 22 we have the right to self protection @serpentina66
30;1;Smh never knew something could be 80% halal....Been muslim my whole life but somehow i've learned something new i guess 
31;1;A wonderful day of starting work at 6am 
32;0;i feel like whole life is about waiting waiting and waiting
33;0;@Pure_playa85 lol :grinning_face_with_smiling_eyes:.. Will let my kids know when they get up in the morning.. Thanks for the tip
34;1;@RedSox you guys sure screwed this up royally. I'm happy for Lester, the brain trust over there sucks. #nicejob  #LesterToChicago
35;0;#Aussie #gunman #was  #on terrorist #watch #list, PM #says: SYDNEY – The gunman who took 17 hostages in Sydney... http://t.co/ibnxdPtu3W
36;1;"Twig is now ""Sprig""—3 sec limit on new social video platform  #techtalk #editorspick #sillyvine #Tr... https://t.co/0DMkcXpYzq"
37;0;@HEELTeacher and what will that achieve? Seriously?To be fired.all the guys who had the balls to call them out are gone..
38;1;Yay for another work at 4am day :neutral_face: 
39;1;Physical therapy at 8 am is just what I want to be doing with my Friday  #iwanttosleep
40;1;Omg @FloptimusCrime didn't tell @giantfootyguy he was in town :face_screaming_in_fear: #trueFriend 
41;1;I THOUGHT WHAT WE HAD WAS REAL, HOW COULD YOU BE FINE? COZ I'M NOT FINE AT ALL Oh wait. Fixed the caps lock ^.^  #LaughNow .o.
42;1;"HaHaHaHa!! #hypocrisy  ""MT @Independent: Katie Hopkins calls Russell Brand a bully..........: http://t.co/DZ05xHiuwl"""
43;1;That moment when you have so much stuff to do but you open @tumblr ... #productivity  #tumblr
44;0;Lol! I m enjoying it:two_women_holding_hands: #Talks #Crazyness #SheNeverLeft  sleepy!! :white_smiling_face:
45;1;Luv this 
46;1;": When some naturopaths sell ""aromatic"" herbs the way apothecaries sell noxious poisons. #Naturopath=#Apothecary #Herb=#Poison"
47;0;@dixiessixty: Goal of the Season 1970: GOAL 1. Jon Sammels #ARSENAL vs #manutd https://t.co/W1p9bptdT3 @Lloydgallagher3 @bigtant1986
48;0;really, what else can a fish be besides a fish? @RBRNetwork1 @TheOldBreed1775 @IndyEnigma @diverdown48
49;0;@malesurvivor72 I think it's a safe bet it won't fit the crime.
50;1;It will be impossible for me to be late if I start to dress up right now. #studing #university #lazy 
51;1;When you're already running late and then your car won't start <<< #FantasticFriday 
52;1;i decided to become my own boss to have more free time.. now i have no time left whatsoever. 
53;0;loyalty vs. self protection loyalty vs. self protection loyalty vs. self protection loyalty vs. self protection
54;0;American Kids starting playing and now I'm super missing #summer2k14 #kennychesney
55;0;@corporateknight don't know how#Monsanto # among 100 most sustainable Cos in the world sure all parameters are measured#net positive?
56;0;None of the big, disruptive innovations in our lives have come out of brainstorming. -Bruce Nussbaum http://t.co/ituc6zpusB
57;0;that way people get to understand disabilities and not stare at us funny wen we out and about#IDPwD#disability
58;1;@TheoCorleone @david_maclellan Shit! I better shut my stupid girly mouth because im so concerned about what men might think of me. 
59;0;Why does my tongue feel it necessary to try and touch the high speed tool my dentist has put in my mouth?
60;0;Tell me the #Quintessential #Aussie now isn't a Govt paid job & then have the hyde to buy overseas online and pay no GST . mmm #SadButTrue
61;0;"@Parlett316 ""Dirk's got a lot of moves I'm trying to steal."" - Kevin Durant on his one-legged fadeway"
62;1;About once a yr I get a little nutty and reach for the orange marmalade. #livingontheedge  http://t.co/sF9o6OWE1v
63;1;Rogers, that smile just so accurately captures my reaction when I receive an extra high phone bill!   http://t.co/vFP1ehx7yL
64;1;"Whatever happened to the Guano Apes? Did they ever make it ""Big in Japan""? "
65;0;Bmw i8 sexy az hell but too slow for the dinero 12.4 in the quarter mile slow #fan of the design feeling the... http://t.co/DELfxN0BpI
66;0;Let your humility guard your pride ... Vanity shouldn't be allowed to be with such a delicate thing.
67;0;Whenever I get sad about how things are going now, I just think of how awesome the future looks to be. #secondsemester #drumcorps #college
68;1;I asked God to protect me from my enemies .. shortly after I started losing friends :flushed_face::hundred_points_symbol:  or #naah
69;1;Just delivered @DominiqueAnsel #cronuts to @BouchonBakeryRC hmmm  its for a customer I hope!!! http://t.co/KDx0FhVqCW
70;1;Such .   You still have to #praisehim 
71;0;Hey heyy!!!I....wanna be a rockstar #vscocam  hero #vsocam #hero #spiderman http://t.co/9tuskhVYbJ
72;1;@MaggieLindemann: . @xSamSecrets123 awk moment when I tweeted first #fakefan !!!!! 
73;0;Waa mockingjay part 2 tahon depan meh 20 Nov 2015 wtvr Night at the museum 3 #mustwatchb4decemberendssobssobs http://t.co/rAc6XdS56z
74;1;@AmbControl999 @HouseofCommons @Ed_Miliband @nick_clegg @David_Cameron  nice to see the ambulance service is so important to OUR mps 
75;1;I love finals week! #justkidding  #stressed
76;0;@gracewoods_ fucking copycat, although you're name is mint and the act we share it is probably a cause for alcohol filled celebration!!!
77;0;Literally cried when I woke up because I know what this day has in store for me #TheStartOfTechWeek  Ready #JustShootMeKnow
78;0;@RashawnFranklin Because I disagree w/ you? Trading three picks for one when you have glaring holes at numerous positions is ass-backwards.
79;1;.@nypost .@Cameron_Gray Oh that makes it all better!!! 
80;0;Why didn't I start watching the tudors earlier? #iloveit
81;0;@guntrust http://t.co/8ICPDcAoNQ #CHRISTMAS #GIFT GET STARTED AT MAKING MONEY IN SOCIAL MEDIA @ https://t.co/cpJZkEgNe7
82;0;"don't knw how to react everytime sum1 says me being in a wheelchair ""inspires"" them! im just living they same you are dude"
83;0;GET AHT A TAHN!|The Made in PGH Gift Guide https://t.co/ziTWyuzN6a via @getfitpgh
84;0;On my lunch break so sleepy:sleeping_face:
85;1;#Work#Trains#TheGrind#London#Business#MyHappyFace http://t.co/fdE2iQpuQz
86;1;dude said I better think hard , so he can take me to cheddars lmao ! 
87;0;My #Christmas ritual...part one. #HowTheGrinchStoleChristmas http://t.co/yIJ6tiHmsM
88;0;Overcast at Creso. #todayimloving #beachwalk #crescenthead http://t.co/daEk2DAjBg
89;0;2014 can't end fast enough! Stupid dead battery.
90;1;Not even 8am and I can already see this is going to be a wonderful day  #needmorecoffee
91;1;I have an idea, how about 911 operators don't ever describe race?||And police have to wear color blind glasses?||
92;1;@bustedcoverage  but Russell is a good christian fella, he wouldn't do that. 
93;0;"Apparently my youth group thinks ""Are you kidding me?"" is my default expression--or ""nomal face."" #areyoukiddingme http://t.co/dBARs2XXTa"
94;1;"@jaymohr37  #PSA Hey Jay, I tuned in when u said ""why all the cocaine talk today....after tweeting coke joke saw it's Escobar's 65th "
95;0;Interviewed a turkey & here's what he had to say http://t.co/8fTsTAoTa1 #Thanksgiving
96;1;Planned on an early night last night.. Oh yaa course that happened..  #gotinterupted
97;1;@MaggieWinter21 your last retweet though 
98;1;2v4 S&D matches are just so fun... 
99;1;i just loveee bein short and having my sweatpants go all the way under my feet its so fun... :pile_of_poo:
100;1;I love waking up at 8 am on a Saturday morning after going to bed at midnight 
101;1;A day where  ruled @twitter, I got followed by @Sarcasmia. Wht a  day!! Lollllll.
102;0;Jusuf Nurkic #Bulls RT @JonathanTjarks: He clearly has a lot of talent. Kind of amazing that Denver got him and Gary Harris for McDermott.
103;0;I don't even have progress on my thesis tas preparations for our event this thursday :weary_face:
104;1;Gym and I are gonna have a reeeaaalll nice date tomorrow.  #imgoingtostruggle #VSFS2014
105;0;Sony pulled a movie bc we're scared of a country that can't even keep its lights on at night? Even motel 6 can do better than that. #Zing
106;0;Had a nice 3 hour nap. Picking up my Chinese take-out and set to watch #GuardiansOfTheGalaxy @MyzzCryz I added water chestnuts to my dinner
107;0;@jepischke @djdurkin The Bears are probably the worst franchise in football at the moment.
108;1;I'm so pissed off at Chicago. Like the people at the airport ruined so many peoples chances of ever meeting the boys :expressionless_face::expressionless_face::expressionless_face:. Way to go 
109;0;Hell has frozen over. Literally. #Texas2015.
110;1;Can you write your name on a paper and take a picture ... — I can but I'm busy answering this question oh...  http://t.co/hRysVyLpBI
111;0;Its a marshmallow world in the winter :multiple_musical_notes: #getthisoutofmyhead
112;1;Taking the bike through rainy and cold dark streets to the dentist. Yaaaay. #Somuchfun 
113;1;Reading about Barack Obama in the Barack #Obama plaza #moneygall oh the  http://t.co/sQCIETUrpR
114;0;that is the face of a tired man hahahahah
115;1;We want turkey!! 
116;0;@winelibrarian happy to be of some small service 
117;0;Choose your words carefully hurting someone feelings is not the right way to go.
118;1;What a joke. Thanks for the detailed response and communication with your customers.  @AskPlayStation @PlayStation
119;0;@MohammadFarooq_ Asalamoalekum... :smiling_face_with_open_mouth: kesay mizaj ? Thank you so much. It was posted on 2nd December 2013. Already there. :smiling_face_with_halo:
120;0;Feeling artsy tonight. #artsy#homealone#vienna#studentlife @ b&e's apartment http://t.co/Ct85mmtf5H
121;0;"showed mom this picture of me and @sopitlikeitshot & says ""this is grunge"" and she goes ""haha!! I love it!"" #momgoals http://t.co/LTe1NGODMk"
122;0;@TharaAzzam explains why Inter went all Calciopoli over Juventus...
123;0;I pray God comes back in America and saves us all.
124;0;#Libby #Lane #appointment: #Women #bishops #debate  #over: The appointment of the Reverend Libby Lane as the... http://t.co/YOj9HVUa8n
125;0;Sad that when someone drinks they treat you like shit and won't talk to you.
126;0;We provide a structure that ensures you will successfully invest in real estate. http://t.co/vSLRBIOhyr @backofficeguru
127;0;@FoxNews Ask a liberal and he will tell you Obama got us out of Iraq and won the Afghan war...and no one ever died under his watch.
128;1;Why am I sick? *looks at other tweets* oh yeah sex...  #lame
129;1;working a double on 2 hours of sleep here we go let's get it 
130;1;For those of you that LOVE this time of year.  https://t.co/r6utbrXVrU
131;1;In other news i havent had a good nights sleep in a week. I feel great. 
132;0;The pure #reality of . http://t.co/wokWEvDvrp
133;0;#DIY. Change your #MobileCover every day now. Enjoy! http://t.co/FbDDXMien9
134;1;Happy 2nd anniversary to me in SGV. Happy OT here in client. Woohoo. I loooooove my job. Super. More years to go!!!!!!!!! 
135;0;@Vh1Supersonic Cause of all the things in life this seems to be in #Balance. |Music- Medicine, @Vh1Supersonic - Doctor|#SuperDayLineUp
136;0;@HarrietBaldwin @OkieVision I guess that means MSM will dig something up to smear Barkley now.#Ferguson
137;0;Jimi Agbaje is a fine man...in respect to public service what notable landmark has he achieved?  Tested|Jimi... http://t.co/MCNlrZffAO
138;1;@letote good thing we had enough #whitewine and #christmastrees to survive if needed. #chardsohard #fashion  
139;0;@DFDSUKUpdates why all the delays?  happy
140;1;The fun part about 4 am drives in the winter, is no one has cleaned the snow yet 
141;0;I miss the days when all my close friends lived in the same city.
142;1;so it's claimed that 99% of all russian athletes take performance enhancing drugs. there is a surprise 
143;0;@SQLSophist is that  ?
144;1;Shoutout to my mom for being hella supportive of me 
145;1;@Sidra__PTI you may also see flags of ISIS with him  is this govt and ch nisar don't admit :'(
146;1;@JordanNoftall that's funny 
147;0;Do you want more period related post or do you like how I post some personal things here on Instagram? http://t.co/VQWDOxB2RU
148;0;http://t.co/nKXYmio8V6 #AnalScreen #Exotic Exotic brunette gets her little tight butt nailed right on the office desk
149;1;@mmamania what time is the UFC press conference tomorrow with names of numerous fighters getting cut 
150;0;#Terror on high Seas ...|Fishing boat, allegedly from #Pakistan, blows up at sea ...... http://t.co/V6G1zx2s4f
151;0;#what#matters#to#me#is#gym#holidays#work#the#hell#out http://t.co/HBofXwvQPe
152;1;I like listening to dads truck drivers tell me about them going to the strip joint and their old lady getting mad at them over it  :face_with_tears_of_joy:
153;0;@baltimoresun Hate it. Go back to the old format please.
154;0;@nfullers98 its a week joke I have with Jessica and my niece:person_raising_both_hands_in_celebration:
155;0;@Moose_eBooks You seriously bought a giant TV to play in the box?
156;1;Haha who the fuck says that to someone#TrueGentlemen 
157;0;If you don't want Hall to eventually ask for a trade then hope for consistency in the message. Change too much you might as well start over
158;0;@RobertH1946 @EverydaySexism wow. That  here though, sorry grandpa, we use mac these days #WelcomeToTheWorld #NeverArgueWithFools
159;0;@MyzzCryz I liked the first one. Never cared enough to watch the sequel(s?). That said, I will only watch the #reboot because of #ChrisPratt
160;0;#working.blues.enough.vacation.days http://t.co/zSTyQiRUt5
161;0;"@PeterEgan6 The badger crusade continues.|""Gloucestershire badger patrols triggered by illegal trapping fears""|http://t.co/rF5aAmpC5n"
162;0;@BrandonTierney I also support instantly murdering 12 year olds with fake plastic guns in public parks...
163;0;Auntie just called and said shes on her way..|I better get dressed then :astonished_face::face_with_tears_of_joy::face_with_tears_of_joy:
164;1;Ahhh 7 a.m bedtimes, how I've missed you  #examproblems
165;0;Nerd #piccollage having a bit of fun with Georgia #nerd#chistmas #sillybilly @ chilling on my comfy... http://t.co/J3z63mwKHt
166;0;@mrjamieeast I think it was the hotel owners...
167;0;@SincerelyTumblr: One day I want to travel with my bestfriend :earth_globe_asia-australia::airplane:️ http://t.co/AXD3Ax5qC1 DONE DID TRAVELED DA WORLD!! @Bethanycsmithh :heavy_black_heart:️
168;1;@SouthamptonFC @LFC @SkySports Again fans come second. Thanks again 
169;0;When you return in kind then so called friends label you as being unkind. :)
170;0;Sometimes i just dont understand anything|#stubborn http://t.co/nwhIEP4VWz
171;0;That was the cutest thing ever :smiling_face_with_heart-shaped_eyes::face_throwing_a_kiss:
172;1;Oh how I love that my ass is too big to fit into my jeans anymore.  #bigbootybitches
173;1;@LifeCheating doesn't lucky and fortunate mean the same thing?  
174;0;I enjoy stealing my husband hat every once in awhile :smiling_face_with_heart-shaped_eyes::face_throwing_a_kiss::flushed_face: #heyyall #GoodMorning http://t.co/LknoOm7VSb
175;0;@SPmilkshake @MikeRTrice @neiltyson His tweet in the context of his history is what makes it a clear bait.
176;0;Insanity is doing the same thing twice and expecting different results
177;1;3 hours sleep yay loving life 
178;1;wow, look at you hotshot.  #isthatajoke
179;0;@dirtydeathdog Can't wait to play the #BFHardline Beta with you XD #Epic
180;1;"Contemplating responding to @charliejnwalker's tweet saying ""what remains of their pride"" but not sure how well that will go down "
181;1;Having to be up in four hours sounds great 
182;1;OH and now the District line has major signal failures and delays FANTASTIC!!! 
183;1;@ScottishFA @RaeComm @ChampionsLeague sure that will end well 
184;0;Country music & photo editing, my type of morning :black_sun_with_rays:️:multiple_musical_notes:
185;1;LOL.. Micromax is promising that service?  http://t.co/AxG11utGOD
186;0;Its so hard to choose between the pleasure and the pain  #Girl #December #Love #Dream  #Strong http://t.co/GZH8Oqft9y
187;1;@PowerTripKFAN Adrian was raised that way and he made it to the NFL. Maybe he thought that would motivate his kid to get there too? 
188;1;"She heard Him cry and His little fingers & toes were counted and Mary exclaimed ""He's PERFECT!""  Oh Mary, you so cray cray. "
189;1;My secret name is lizard squad. I like to ruin people's fun time. Follow and rt to a billion and you'll have fun. #psn  #giveitup
190;1;Sexist article in the Daily Fail about men wasting money on cycling - accompanied by recommendation for a handbag costing £999. 
191;0;@Justen_G you tweet about having a flip phone? Now that's the definition of 
192;1;@G_Wade_TooFlyy yea we was we too only a couple schools played black & not its a black dominate game 
193;0;Don't forget to join @midtown_1015 for #Steak Night tonight starting at 4pm! #nyc #food #foodie
194;0;@andreamarchant @tortugarouge I don't think I've ever seen Love Actually all the way through. I tried once last year. I don't remember it.
195;0;@lionhart32 @Dosta1 @BSButcher My,Nephew stopped a lot. His long hair. looks like a drug dealer. Never smoked anything Pills?not an aspirin.
196;0;#QZ8501 asks permission to #takeoff: #towercontrol of #Surubaya: yeah..y can go...away.
197;0;@RedFMIndia @SunburnFestival |Answer 2- More than 150 artists |#WinSunburnPasses
198;1;@michelledean @AVAETC not playing out in the provinces like, oh, Mississippi. 
199;0;Church sign of the day: How would you feel if we celebrated your birthday without you? :speak-no-evil_monkey: #StoleEm #TheReasonForTheSeason
200;1;@Rich_Herrera_4: @pcon34 IT HAS THE WORD MAN IN IT!! Just as sexist as saying mail man instead of mail carrier.  #MichiganMan
201;1;Did you know ? If you are reading this right now you are not blind...lol. 
202;0;@Nettaaaaaaaa @deray yeah & we wont talk about how the bodies of the 2 cops killed in BK were ambulanced immediately. Elitism at its finest.
203;1;Love this weather 
204;0;@MagicalBlondess Psssst. You spelt 'thing'  wrong ||
205;0;http://t.co/ZcHdGJZrhQ What Day is the Sabbath? #follow #Jesus #Christ #FBC #FBCJAX http://t.co/QhJfErumW1
206;0; tough day in sun #kitsch#funny @ Costa Teguise Lanzarote http://t.co/3D5qjIyh0z
207;0;@BFBulletin if @tiggr_ exclude BF3 maps from the poll... I am going to RIOT!! I really want Seine Crossing back :loudly_crying_face: :loudly_crying_face:|I would pay for it!!
208;1;I love 14 hour shifts  :weary_face::weary_face::weary_face:
209;1;The whole #Misogyny thing is hanging in there with Women from the right . A cat fight now ?, imagine pulling that on the left #pmlive
210;1;Yea, yea that's logical. 
211;0;Over on CBS at noon is #BALvsMIA. FOX has #SEAvsPHI after the #Saints. #NFL
212;1;So Aaron sorkin goes on @todayshow  to talk about not liking the media talking about Sony hack? Using media to bitch about media? 
213;0;you have no argument because you're insane|@RBRNetwork1 @Steven_Swenson @TheLexZane @SSGAngle @JoeHilgerman @DanMartin_cards
214;1;#FergusonRiotTips Remember, the only way ppl listen is if you burn down their stores||#Ferguson #VitoandVito #WAARMedia #tcot #ycot
215;0;My fingers smell like lavashak :)
216;0;#notcies #eu Juncker receives birthday surprise: One million signatures opposing TTIP and CETA http://t.co/f3knbTnus8
217;0;#Forever #Young, Forever  #Out, Forever in #our #hearts. |#RIP #PhillipJoelHughes. @vCricketAU @CricketAus
218;1;Last day in Naples with my Emma girl! :palm_tree::black_sun_with_rays:#soeasytotakeapicwithatoddler  #19wksandcounting... http://t.co/Xb43RmsXAj
219;1;Say no more.... #bigclub  http://t.co/ALcQQsASsY
220;0;@MyzzCryz anytime! Cash is acceptable every where. And can be used toward whatever they want/need.
221;1;@steigerwaldino Nah, it's better we all act like the North Korean govt and police people's private thoughts. 
222;0;@haugenma my 7-year-old got it for me! I think Macy's http://t.co/JriDbimgYg
223;1;Blowing your nose so hard your ears pop is the greatest way to start a Wednesday. 
224;1;Today's court proceedings, allowing prisoners access to books in England & Wales, surely confirms it's time to limit judicial review. 
225;1;Yay I love being awake at 5 in the morning :grinning_face::pistol: 
226;0;Off to a slow start this morning . :weary_face:
227;1;@MatthewWRossi getting power from wind is so outdated and unsightly, we should be siphoning it directly from the sun by now. 
228;1;Really looked forward to waking up this early for finals...... 
229;1;Oh how I love listening to Fox News in the background while opening presents. 
230;1;Those bad Anonymous and Occupy people did it all because they support white supremacy 
231;1;@Big6domino @CNN Well that's a completely well reasoned and thought out argument. You've changed my mind!!! #Ferguson 
232;0;@badassbraeden Yeah no I'm still laughing. It's not even that funny and I'm still laughing
233;0;@bgracely @Horn_Chris gotta be a joke about tootin a Horn somewhere
234;0;Gotta go out with him and the third,forth,fifth...wheels.| #WinterThought
235;1;Cc: @JohnCropp My last tweet. Wayne's World is a great movie. 
236;0;@nacholeber @SageRosenfels18 zero place for that. when the karma train finds Raiola, I hope it has a full head of steam
237;0;Earn cash by Posting & Tweeting! |http://t.co/2667mS1bHz ||Get started at http://t.co/GViBiZ4ZsH||#CashForContainers #homebasedbusiness #LOL
238;1;Oracle on Windows 2000. This should be fun! 
239;1;last day of classes #trill except finals whoop 
240;0;YOU blame him for everything else @RBRNetwork1 @1_Free_Man @TheLexZane @Anan_VII @ABPT_Rocket @DrPenisWrinkle @kusun0
241;1;With dropping oil prices, thank goodness #PMHarper has worked so hard trying to tie our economy to the oil & gas sector.  #cdnpoli
242;0;when singing along to songs in Korean and there is a part in English, I sing it with a Korean accent. WHY.
243;0;save your work folks. i'm offically cntrl-alt-deleting this week.
244;1;I'm glad Andy can tweet all day but not text me back.  #loved 
245;1;": When some masseuses offer ""soothing"" massages the way reviewers offer stinging criticisms. #Masseuse=#Reviewer #Massage=#Criticism"
246;0;@PdpNigeria#it shows you that APC is a free and fair party#run by intellectuals#and this is what we call democracy dictatorship#
247;0;@panndder @MyLittleBloggie @bloisolson How dare you accuse me of being a boomer.
248;0;Hungry and hungover  #a  #good #day
249;0;Oi na how am I functioning right now #sleepdeprived
250;0;@loveeallyy I literally do not know
251;1;@mahobili @DrAwab What does PTI do apart from whining?  #Youthiacrasy
252;1;True  http://t.co/38hrutRf0r
253;1;@eXoAnnihilator @roIIerCosta @KSIOlajidebt tells someone to spell correctly while completely fucking up his tweet 
254;1;My solo costume so far is Charcoal Grey Bottoms.... making some real progress. 
255;1;Pay Ghost Soldiers in Iraq & cut pay of US #Military.  #keepyourpromise @SenateDems @Senate_GOPs @thejointstaff http://t.co/353PkrO9yC
256;1;...but then it started itself and made the Windows noise. So starts this exciting day of mine...! 
257;0;@sammiecurtis_ me and you are the only ones that love it :smiling_face_with_open_mouth_and_tightly-closed_eyes::father_christmas::party_popper::multiple_musical_notes:
258;0;In need of a rose winee:wine_glass::wine_glass:
259;1;Yesterday #PeshawarAttack was a top tag and today the only thing twitter nation seems to be concerned about is #PTIKeptPakFirst 
260;0;"My whole life is just ""oh ok""."
261;0;Leg snapped alike a twig and after I completed my front flip I screamed like a hungry newborn baby
262;0;#succes #it #is  #about #what #we #see #if #we just #keep #hope #and #never #give #up #success #is... http://t.co/bCjdQqzo1k
263;1;I can already tell today is going to be a wonderful day 
264;1;@junior_miller @gordonkeith Junior got a rim shot for a 'rim job' joke. 
265;0;Found out the reason that weekend closer makes my life miserable is because I'm atheist. #hypocrite #atheistproblems #serverproblems
266;1;Staying #casual #monday #funday  #ootd #fashion #style #allyouneedisstyle #todayimwearing http://t.co/tpuVqw7K4s
267;0;@QararaRasha so so problematic.. God bless her. It's a shame what've we done to pakistan. :(
268;1;#TortureReport trending
269;1;@patevans @grbj Too Sad... LOCAL NOW!
270;1;@C_o_r_g_i wtf thanks for saying bye 
271;1;Ahh gotta love those December electric bills. 
272;1; dead? Why is this stupidest of memes still perpetuated?
273;1;When someone with retrica wali picture complains about how many filters someone has used in their picture to look pretty..
274;1;Great, I've got a lung infection. This is fun. :/ | #notfun #miserable
275;1;Jeez it's a lovely morning out!! :dash_symbol::droplet::splashing_sweat_symbol: :thumbs_down_sign:  #Ireland #December
276;0;@Jaee_ThaPrince I need a spot for my birthday
277;0;@Redsaint76 I don't think. I know!
278;1;I love when people leave their smelly shoes in my car. It makes my car smell great! 
279;1;@sportstalksc what's the rush? His leg is still attached right?  #dr.dabo
280;1;50 mph winds make a great hair fan for a photo shoot. :smiling_face_with_open_mouth:
281;1;Gotta love working the day after Christmas  #smellya
282;1;"Is ""I have to go...my gelding is struggling with dystocia"" a valid excuse...I just want to see the (lack of) reaction #whenyouseeit "
283;1;.@ChipBrent I love the #gamergate concept of harassing and spamming porn at any critics as proof that you're not a hate group. 
284;1;The thing I love the most about coming into work early? Having everyone ask me why I'm here so early. Gets me every time.  #annoying
285;1;Thanks @AirAsia, for nothing. All my family were flying with you from KL to attend my wedding. #everyonecanfly  #AdelaideRouteCancelled
286;0;@CNN9ja @bbgalad#he didn't know that before putting him there#they all reck our country#PDP clans do not deserve another day even months
287;0;@kennobish could do with someone making me a hot chocolate right now ahaha
288;0;me at restaurants: Is there wi-fi?|me at beach: Is there wi-fi?|me at family parties: Is there wi-fi?|me in hell: Is there wi-fi? #wifi
289;1;Love it when your typing at work and a spider comes out from the keyboard and hangs out between your fingers...  :see-no-evil_monkey:
290;0;Don't #text and #drive either. http://t.co/OXybfwwWb6 http://t.co/fgOCRS5kre http://t.co/fBpsjk6yyk
291;1;@JimHumbert @GotNewsDotCom Really?! Unbelievable! U mean he was a Thug & Criminal?  
292;0;Always gonna be an uphill battle, sometimes I'm gonna have to lose.
293;1;Today I don't feel like doing anything|
294;0;http://t.co/TUqXSWNBuP In light of the #Murders of two NYPD Officers inspired by #IcantBreathe should... http://t.co/nMYE90O4in
295;0;@alewnes7 he def came out the closet on that AND 1 dunk #rudygay
296;1;People at my school only talk about sex and drugs. So awesome 
297;1;Perfect time to get really sick  :tired_face::face_with_medical_mask:
298;1;@nelsonicolee funny 
299;0;The #hardest thing's  #knowing & #having the #faith to #keep #going http://t.co/qMBU7EEag3
300;1;Bush 'fully informed' of CIA methods http://t.co/qRvvPVrjVh No?? Really?? Shocking... 
301;0;Your Jedi mind tricks don't work on me service guy. |Glad I dropped the car off for the oil change instead of Av.
302;1;I often worry that wealth doesn't  have enough influence in society, so pleased to see this being addressed  http://t.co/2U3PerpZQz
303;0;@TheView,@WhoopiGoldberg, women say 1 man asltd them, y so long 2 say sumtin? & the young 1s, where the parents? Hotel wit grn ass man? Smh
304;0;"Some ""new"" vinyl on the turntable tonight. Here's to you Joe. @TheClash #JoeStrummer #Sandinista http://t.co/2N3ZjJZYQo"
305;1;@maxsnape1 who you calling bottle job I'll take teeth. Yeah I'm game mate, at training tonight too, I'll remember your hat 
306;0;"To all those who held back in #2014 start again in #2015 as.. ""@SanFranciscoVC: It's never too late to start! http://t.co/01ziUH8myE"""
307;1;i'm so funny 
308;0;"Song of the Day: ""Love Like Winter"" - A Fire Inside."
309;1;Thank you OCC for being concerned enough about my safety driving to school to cancel classes.... 
310;1;Oh sprints I love you  http://t.co/sEW8Im7i0u
311;0;#WreathAcrossAmerica #Jax it is finnished http://t.co/7TfL9AteCu, #honor #FallenHeros in Jax||http://t.co/OXybfwwWb6 http://t.co/JO0P3X54YU
312;1;Heading to my nanas place its going to be so fun 
313;1;Big thanks to my teachers for the FOUR tests I have to take tomorrow #woohoo 
314;1;Last semester I dropped a class because I had to write a 7pg paper. This semester I've had to write 5 of them 
315;0;@SonyProUSA its my workhorse, practically glued to my hand https://t.co/6Sa7ggGTxj
316;1;Prevents blood clots! More like stops blood circulation #SurgicalStockings #attractive  http://t.co/XZuXjZ9qsN
317;0;Bet that was #limbs in the Sunderland end
318;1;Thanks Mother nature.. You didn't give us as snow day and now my twitter is filled with people complaining 
319;1;You know it's going to be a great day when you're Garmin resets itself and you spill some cinnamon down yourself  #slowclap
320;0;@scottjmcg they are all written out in a gold gel pen waiting! I hate how are relationship consists of twitter messaging  #fulfilling
321;0;@parisbreedenw You need to, it's an experience to say the least
322;0;@ParkzTheDon @Neilby70 Johny UR cracking me up on Facebook chatting up my mate :smiling_face_with_open_mouth_and_tightly-closed_eyes::smiling_face_with_open_mouth_and_tightly-closed_eyes::smiling_face_with_open_mouth_and_tightly-closed_eyes:
323;1;@BIBN2010 Weeeeee! You too! I love that xbox live and playstation network are down due to hackers on Christmas. 
324;1;$BIDU up 2%. Officially announced Uber stake. $BIDU has market cap of $78.6 billion. Uber should top that in next VC round, right? 
325;0;Check this out!| so #ugly #christmas #sweater|#ebayipad|http://t.co/Sp5bMZz3T2
326;1;I just love not being able to sleep..  #sotired
327;1;@GarnetNGold22: So PSN and Xbox Live are both down on a day many people get new video games.||North Korean hack? :tired_face:
328;1;@ClimateGroup Tried to cut and paste a tweet from SA Mining where they got GO Green Consulting ... it's in my timeline. 
329;1;I seriously loveeeee how much you care 
330;1;You know what's awesome? When all your gear (sliders, dolly, monitor, etc) gets delivered @ the end of filming.  #somadatBandHandadorama
331;0;dayumm!! chtis brown is ma maaayuun!!:face_with_tears_of_joy::face_with_tears_of_joy::face_with_tears_of_joy: http://t.co/DNgdZhBKuH
332;0;@BudweiserIndia Now, Tomorrow productivity at work would be hampered. #GetMeToEVC
333;0;@CraziestSex: Stay faithful or stay single
334;1;Absolutely love waking up to snow 
335;0;@DCsportsGrl @DragonflyJonez I believe we have n that's y we SUCK.
336;0;"4. ""Yes"" was the reply. These are public dollars being used. What's with this lack of transparency around Union Pearson Express? #TOpoli"
337;1;@JoeandEvan @7BOOMERESIASON @cc660 @BoomerandCarton the Jets have pick 6 in the 2015 draft the irony blows my mind!  #NFLDraft
338;1;@amandakaschube Like I need to be reminded of BP Cup competition dates! 
339;0;@AntoniaZ @MontgomerySue @torontoist Awesome! And well deserved.
340;1;@ForexEric @HeidiL_RN @unsavoryagents YES! Vote for SATAN (@HillaryClinton) in 2016!!!! 
341;0;MORON, no one has ever said a ball is square #STRAWMAN @RBRNetwork1 @rattleduck
342;0;Your friends will bring you down because they fucked up what they had males & females  me fool !
343;0;@DollyGarland @garrettaddison: Thats quite an interesting number coz I managed to read only 17 but i will surely make it in #2015.
344;1;"@MarkXA and we know abt the ""goal"" that (never) crossed the line  #holierthanthou #henryisalegend"
345;1;@DrunkVinodMehta isnt it obvious #Sadhvi case and #Rape cases are 2 different things. You cannot co-relate both thngs to 1 sentence 
346;1;Aw thanks mother nature. Merry Christmas to you too! 
347;1;What an eventful day...  :victory_hand:️
348;0;"Day 4 ""joyous day"" #decemberchallenge #picture speaks for itself #costateguise #beach#peace#2nd home#... http://t.co/1jXB5QCOxO"
349;0;@cwmmate @jimrome No, it isn't. WR's are dime a dozen and completely replaceable. Which is why the Packers won't overspend to retain him.
350;0;"Japan's #Abe #gets #the #mandate #he #wanted #â€"" #but  the #recovery he wanted: Japan's Prime Minister Shinzo... http://t.co/Q9NTiflcO5"
351;1;I got tampons!  http://t.co/lnWQtxriUZ
352;1;For those who CAN hear us, @cbcjones talks about NB Power's record number of outages. 7:13  #transmitterproblems
353;0;#GlobalWarming would be nice right now if it were only true!||Call #AlGore 2 burn money 4 #Christmas. ||#ＦＯＬＬＯＷ http://t.co/U1fQX3qfH1
354;0;@kennisibueno You truly are my son.
355;1;I just love 160 question tests in the morning. 
356;0;At http://t.co/pMUxNeOvrn -- #Sketch #today #spudshed #fresh #fruit  .only.for.eating #for.drawing.as.well #drawing #Perth
357;1;@JustinTrudeau Won't our national hockey expert at 24 Sussex Drive join you?? 
358;0;This is what  looks like, right? http://t.co/WdwI96OWwI
359;0;Has @CNN @donlemon shown up to speak with #ZemirBegic family yet?
360;1;Let's all do only squats and deadlifts until we hurt ourselves --really really good trainers #fitnessmotivation 
361;0;#BBC #News -- #Thailand #crown #prince's #wife #resigns #from #royalty. http://t.co/0a1SLM5K5k
362;0;First photos of the Infiniti Vision GT concept emerge http://t.co/quWYbjWq6V
363;0;@THEHermanCain Racism is pooled in liberal Democrats. Democrats must foment racism and division to maintain control. Divide and conquer.
364;1;@AIIAmericanGirI So, this Topless Feminist was just looking for someone to love? 
365;1;"@BaniHillal ""i feel bad for the American people, now we should invade their country in kill their children so we can save them"" "
366;1;I'm such a good friend...  http://t.co/c1sNYAVVDp
367;1;@Bad_Cat_ Wow, that is just so funny... 
368;1;Just flossed and then ate right after #inconvenient 
369;0;@CopperBronzed No reasons given. Some waited expecting a call but only found they were not chosen from media announcement
370;0;@edryden33 ill see if I can :winking_face:
371;0;Sysdig Cloud - The Fascinating World of Linux System Calls < reminds me of my Solaris dtrace days in early 2000's http://t.co/e3YYx07tgQ
372;0;I really need to get my nails and eyebrows done tomorrow :grinning_face_with_smiling_eyes: been slacking on that  #cool :nail_polish::face_with_no_good_gesture::information_desk_person:
373;0;@MrMindMiracle One of those obvious when you see it but oh so clever ideas!! Glad you approved!
374;0;replurks acatholicprayer: Lord Jesus Christ, Son of God, have mercy on me, a sinner! #Catholic #prayer http://t.co/SkDTy78y3k
375;1;I bet its warmer in Nova Scotia today! #frio #cold #freezing #costadelsol   #IloveCanada
376;1;BBC News - New Forest road safety campaign donkey killed by car http://t.co/Ft5VPVZCU0 
377;0;Suppose I best move my arse to the #gym. Anything to put off wrapping presents :confused_face::wrapped_present: #christmas #chore
378;0;Thanks for the AWESOME support on our #instagram page. Much appreciated. http://t.co/CShfJo0TqO #women #motivation #rolemode
379;0;I adapted the Snoopy comic for academic paper submission :P Reviewer 2 is the stuff of nightmares! http://t.co/KPGul80o2g
380;1;Kind of love how I got a voicemail from my seat neighbor wondering where I was yet they constantly sell their ticket & I never ask 
381;0;Happy new year to meeeee... http://t.co/ZLtXiVB7qH
382;0;@nfullers98 Georgia's nativity play in the morning too..
383;1;Sanjay Dutt asks for parole to meet his wife whereas other husbands want parole from their wives but there no body exist to grant it.|
384;0;Who's eating everything on the table for Noche buena? :happy_person_raising_one_hand::happy_person_raising_one_hand::happy_person_raising_one_hand::happy_person_raising_one_hand::happy_person_raising_one_hand::happy_person_raising_one_hand::happy_person_raising_one_hand::happy_person_raising_one_hand::happy_person_raising_one_hand::happy_person_raising_one_hand::happy_person_raising_one_hand::happy_person_raising_one_hand::happy_person_raising_one_hand::happy_person_raising_one_hand::happy_person_raising_one_hand::happy_person_raising_one_hand::happy_person_raising_one_hand::happy_person_raising_one_hand::happy_person_raising_one_hand::happy_person_raising_one_hand::happy_person_raising_one_hand::happy_person_raising_one_hand:
385;0;Let's get another big win VOLS bball and keep it going..#VolNation #BeatNCState
386;0;You can spit on a rose but it's still a rose.  #contempt    #mockery
387;1;@iPhoneTeam if you don't want to upgrade your iOS or keep many pictures, yeah it's great 
388;0;@nine_oh ****ALERT**** PLEASE CHANGE THIS.... ITS  ME>>> #NowPlaying Relentlezz @WHATCHAKNO  - Who I Be :: Tune In: http://t.co/MV7gJcM7l3
389;1;Half the world is starving, the other half is struggling to lose weight! | #SickWorld
390;0;@nfullers98 I liked .. Don't regret anything that made you smile... Ha ha
391;0;dats how u kno its winter http://t.co/UwvIqcpH8K
392;1;I like creepy guys that ask me random questions at swic 
393;1;Someone stop Obama! USA only should have relations with human rights loving nations like Saudi Arabia. Not terrorist Cuba! #Cuba 
394;0;Watch father and not his daughter FUCK http://t.co/6P9bzfNgPq #Old+Young #father #and 
395;1;@SportMajor No, voting somebody in because they're from Latvia is way more important than voting for the best players. 
396;1;Marvin Lewis clearly thinks very highly of Johnny Football  #norespect @amicsta
397;1;Finals Week is draining my body so much that it's ruining my life in other places. Lovely... 
398;1;About to write my math final really excited  #somethingrandom http://t.co/by8fVYYyZR
399;0;just pulled up to school for the first time in my life in a good mood only to find out it doesnt start for another 2 hours   #BLESSED
400;1;Dragging her feet, smacking her lips,and scowling at the empty street while screaming into the phone!...such grace.!:white_frowning_face:
401;0;I have to say that Misty with Johnny Mathis is one of my favourites http://t.co/hBQIl5KmQe
402;1;@DJNoreenKhan @iHaroonRashid the only scary Bollywood film I've watched is Bhootnaath 
403;0;Read at http://t.co/HbeAb2hklW the news '#Middle #East #updates #/ #Assad: #US-led #airstrikes  #serious #or #efficient'
404;1;Love working hard trying to fix other people's fuck ups 
405;1;Went neck deep in a swamp today so that was fun  #chilly
406;0;And that's a wrap for 2014 shows kiddies. Ending in the Berkshires. #BoseL1Model2.
407;0;Gonna need K-State to play a little better but loving seeing this team in action with beckthies http://t.co/8ofONvoqcN
408;0;http://t.co/ujGpP2LgaL #AnalQueenAlysa #Four Four girls, a lot of drinks and a few strap-on&#8230
416;1;Today I'll lecture on CRM investments & shareholder value ... So excited ....  :smirking_face: I'm sleepy :sleeping_face:
417;1;can't wait for the 3:30 hour drive back home.    #betarocks15
418;1;Left my lunch at home. Swansea canteen outdoing themselves with this generous and well priced portion of food  http://t.co/jn7Kff2K18
419;1;@STLguy1 Oh that sounds like a great plan.  @6Strong8 @KingDSeals
420;1;Double standards are always a fun thing 
421;0;It #has  been #seen www.monstermmorpg. com since. parados by #MonsterMMORPG #bean
422;0;Maybe 2 different proposals! The girl is wearing different shoes and the guy is wearing a different coat. @cjsinner @onecolleen
423;1;So far today I burned my tongue on my coffee. Saw a dead guy on the freeway and chipped the windshield in the truck #gonnahaveagoodday 
424;0;Ceeeeebz work, allow dat ting fam
425;0;Had no sleep and have got school now  happy:pouting_face:
426;1;love, love, love how the left side of my face is swollen.  :pouting_face::loudly_crying_face:
427;1;@SkySportsNewsHQ nice to see you admit your errors   slightly different from your earlier stats for 2014! @TeamAndo180
428;0;there are things we are made to go through  to harm us but to given us a lesson to teach to someone weaker
429;1;@Giraffe737 the good old days! 
430;0;Mirror mirror on the wall, when will I find happiness?
431;1;That's always a great way to boost self-esteem 
432;0;I'm pretty sure I have a snowman problem.
433;1;Watching my grandparents and my parents pay all these bills, really excites me for the future. -___- 
434;1;Yeah nice hair babes  :face_with_tears_of_joy::face_with_tears_of_joy: http://t.co/8fxZpZW8qu http://t.co/Wi36fjE5EX
435;0;@AlTruda73 @TMJ4Steve Didn't Carolina beat Tampa Bay? the picks sheet has TB winning.
436;0;@DeformedCircus I guess not. Stop insulting me.
437;0;Tripped over my own feet three times in the hall #soclumsy
438;1;I feel like crap today. So instead of Redbull I'm drinking something healthy. #NewYearNewMe  #TotallyStillGoingToDrinkTheRedbull
439;1;About to fuck up this Media exam  #actuallyihopeso
440;0;#almajmoua participating in the 4th #CSR forum #lebanon #togetherwegrow -for-profit #microfinance #supporting... http://t.co/81OfgusdMC
441;0;whoever runs Yeovil Town FC twitter account should be fired. their starting line up looks like a mxit fantasy league team
442;1;...A teen named Bud Weisser was arrested by cops for breaking into a St. Louis party store...http://t.co/AxejCevQ1e
443;1;@firstpostin At the same length, we should not forget about the fundamental communal sanghi Hindu fanatic RSS in our backyard. 
444;1;@kmrheadlines: Electricity generated in Kashmir can illuminate whole India: PM but it's only not illuminating #Kashmir 
445;1;@sidney483 A British world champion in one of the most demanding & popular sports on earth. Yeah, of course I'm being sarcastic. 
446;1;at least... I've got spine, cause I can feel the pain in my back. #thinkpositive|
447;1;#mondaymorning pouring rain and i am singing 'the most wonderful time of the year' as i walk to the office 
448;1;hahahaha... 'Best Asian Style' went to the group of pretty boys ALL wearing blacks suits with a tie/bow. HOW STYLISH.  #2014MAMA
449;1;Why is paper so sharp? Someone should put a ban on paper!  #liberalmentality
450;0;@TehnDiamond Jonah hill is funny,kevin hart,will smith,jim carrey, Sacha Baron Cohen,
451;0;#Arizona #Court #Of #Appeals #Decides  #To #Retry #Milke: Thursday the Arizona Court of Appeals ordered a lower... http://t.co/FfXzPEAEtM
452;1;I doubt this week could get any better. 
453;0;Damned if you do... http://t.co/iAJmWD7Yta #communication #truth  via @TheM3Blog
454;0;I should get out of bed now lol
455;0;Some are really loving the criticism on Zoella. Let it rest, please. I wonder what you would do for some £££. 
456;0;@Mhabs15 I'll bring it to work. The hoops one is a hit http://t.co/d8oY6uctMf
457;1;@SkySports transfer fund of £250,000 is given to .... Nottingham Forest a team with a transfer embargo.  
458;1;Galliani already jumping into the changing room, likely discovered what Seedorf told him all along ... same thing Pippo is saying now 
459;0;@AlexStearnCom Hey Alex, thanks for the support. My FB page is : https://t.co/9CaCW9cY7i|Blessings and success to you.
460;1;people speaking of law to protesters who are fighting for justice themselves...  #ModelTownNotForgotten #PAT #PTI #GoNawazGo
461;1;Ohh he can climb a rope? Just like every other commando? Super talented.  #TakeMeOut
462;1;probably going to fail tomorrow yayy  #GlobalArtistHMA #MTVStars One Direction
463;1;@willbrooker feeding your own flesh and blood/making an alley way smell terrible = same, same.  #90ssarcasm #thesun #thingsthatarewrong
464;0;Is sleeping medication like Ambien any better for you? RT @TIME: This is what alcohol does to your sleep http://t.co/ueUn8oFiCk
465;0;Einstein would be amused about Strider jumping around in time
466;1;love is bliss... 
467;0;Last day in #Riga! #self #finnishgirl #businesswoman  @ PK Riga Hotel http://t.co/3Svv5QciFq
468;1;Well my mornings going very nicely:smiling_face_with_smiling_eyes: 
469;1;Sad I don't have a Christmas jumper, thanks @Missguided for your super fast delivery :thumbs_up_sign: 
470;1;I love waking up at 4am everyday and then running 5 miles.. favorite part of the Army :) 
471;0;#Germany -- #ECB's #Weidmann #says #German #2015 #growth #may #be #better #than #expected. http://t.co/gxFSC1mQy5 via @reuters
472;0;A deal was negotiated between @Metrolinx & GTAA. That deal was is hidden & built into the pricing of #UPX tix. Why all the secrecy? #TOpoli
473;1;@shaunrmcgregor yup it must be good to be ivy league Educated because it does alot of good 
474;0;We live in such a small world these days - the #LAFire is a story at the end of the Australian news @ABCNews24
475;0;One from her please *cries* http://t.co/z0Yt6Dax7s
476;1;Loving life. 
477;1;he was half of what she deserved, yet he was all that she ever wanted ,,,, 
478;0;@amy99314 @haleemak_ A protest is not peaceful if its forcefully stopping me to earn my livelihood.
479;1;Most useful algorithm I've learned in class so far is finding a substring by using the fast fourier transform 
480;1;Shakespeare is great  :face_with_no_good_gesture::pistol:
481;1;"Where you our #ShamiWitness now?  |""@Dannymakkisyria: The gunman is also said to be monitoring social media activity #sydneysiege"""
482;1;@RMaybo another case of away the lads  or to put it in song tell me why we don't do north london !! #TyneWeirSunday
483;1;@2ANow  you were decrying a hate crime against a Bosnian man & now you're back to your same old game, inciting hate torwards Muslims.
484;1;@mmsevents: #OneloveFestival Sat 20 Dec. Table bookings: R800 includes 1 bottle, 12 mixers... Uh-oh I smell so much  it's lovely!
485;0;@f_fizzle did you get fat on your honeymoon?
486;1;"#hannity says ""Obama has been indoctrinated into a rigid ideology."" "
487;1;Lol my timehop guy though.  http://t.co/OdljZGV4VM
488;1;@stephen__tommy and yeah I set it at 130 not 150 because overworking your rookie pitchers is totally okay 
489;1; Putin praising Constitutional Court for defending against 'arbitrary action on the part of the government http://t.co/8WDrILv4CP
490;1;I couldnt help myself.. I am a bad person...  http://t.co/bmdJcrFmgI
491;1;I love watching liverpool truly inspiring 
492;0;I added a video to a @YouTube playlist http://t.co/QbcCGhdoIe Modere Beauty Box Review + Giveaway
493;0;Off to search for a Christmas gift for my dad bc procrastination :wrapped_present:
494;0;I have to say... I'm really excited about Brendan Fraser's birthday tomorrow. #BrendanFraserBirthdayBash
495;1;That's me, the infamous pepper shaker replacer. 
496;0;Save Manage & Make Money - Join for $99 make $600 #Discounts #Vacations and more http://t.co/6mTjJ6i7Nf
497;1;Lol at the #EatenAlive show. if that's the name of the show gotta do it not quit cause the snake was hurting his arm. #goodtv  #garbage
498;1;CIA report highlighting the stark differences b/t the present & former administrations' approach to nat'l security. 
499;0;You guys seriously need to try this game https://t.co/wyUHZBcRWj #BananaBonanza
500;1;@JColeNC thanks for noticing me 
501;1;Well, weekend is over!|Now it's #TwitterTime again :D|Have a nice monday!|
502;0;So glad to be off work
503;0;"@adambelz @lee_osp @Vruno whenever I write anything with the word ""immigration"" in it, I'm happy if there's back-and-forth."
504;0;@kemmerinB I'm gunna sit here and 
505;1;@Chxta They were probably, contracted to work for free. 
506;1;@XFINITY yay another outage in less than 8 hours. Keep up the good work! 
507;0;A very happy birthday to @sillybrendan - we'll be toasting in your honor tonight. @brad4word @Case4Cleveland
508;0;I literally have plans every night my entire vacation.
509;1;Kevin Durant with 23pts on 8-13 shooting, has this nigga been inefficient since he came. 
510;1;I always look super cute when guys come to fix stuff in the condo 
511;0;@lkoch99 Wow, neat! & a nice mini tour of Belfast as well. I think you should have asked for one of these for Xmas, Larry!
512;0;#New#color#new#beginning#new#goals#dont#giveup#never#life#should#be#easy @ skdar http://t.co/bzmXE0K98i
513;0;@RandBall gotta hand it to them, really. :clapping_hands_sign::clapping_hands_sign::clapping_hands_sign:
514;1;@JeremyCee @oldmanebro thank God for Kanye giving these unknowns some help. 
515;1;Good thing I'm scared of clowns and my kindergarten teacher was dressed as one today. :expressionless_face: 
516;1;LUV when my hair is frozen :smiling_face_with_open_mouth: 
517;0;#Heisenberg Uncertainty Principle: Whatever you study you also change. #JurassicParkTheLostWorld #JurassicWorld #BreakingBad 
518;1;Glad I'm up at 1am 
519;0;@quiksilverindia A cool look and a cool mind is all you need to party all night. |#QuiksilverGoesSupersonic http://t.co/e1YA69hkNC
520;0;Hope Tulisa doesn't get a job back on #xfactor next year
521;1;Soccer game should be fun today...:face_with_tears_of_joy::face_with_tears_of_joy: 
522;0;@salgovernale I know it was you Fredo. You broke my heart!
523;1;"Just realized I haven't watched this weeks episode of Degrassi.  I ""eventually"" get around to it.  "
524;0;https://t.co/13AvCYdxs6|Shop now  in the MALLS! TAKE YEARS OFF YOUR SKIN! SEACRET Minerals from the Dead Sea!!!  https://t.co/MIF1TIkZNa
525;1;@melleegee it'll be ok, just get your TA to fix it!! 
526;0;@RachelReevesMP @WOWpetition ,. #coalition fit for purpose.#Labour can and will sort it.
527;0;Why am I wide awake right now..:face_without_mouth:
528;1;@51allout Kohli showing all the guts of Scooby Doo. #CaptainCourageous 
529;0;@WiseManSi: Your opinions don't affect me. I'm going to keep living my life.
530;0;That was one long walk :ok_hand_sign::ok_hand_sign::ok_hand_sign: #GoMe http://t.co/liRaGZvLyF
531;1;Work Christmas Eve and Christmas Day.. Can't wait! 
532;1;@wecameashailee: 10 HOUR CAR RIDE AND I CANT SLEEP IN CARS YAYAAYAYAYAYAY.  have fun bff!
533;1;@ExcuseMySarcasm Oh no, I've tipped Gamergates hand. Now you know our end game! 
534;1;#latergram with thegoldcoin. Classes done, research is not. #gradschool #basic #blessed ... http://t.co/1kEoWZw7NZ
535;1;I've changed gazilion times the #java configuration NOT to check for updates. It's nice that every five minutes asks me for an update! 
536;0;http://t.co/OoDCAadwux #TeenAnalCasting #Alice Alice and Dana -TLW 3X05 Part 2
537;1;Halfway thorough my workday ... Woooo 
538;0;Don't think for a second I'm out to drown your memory, you ain't worth the whiskey
539;1;Youve got to just love the efficiency @usps two-day service!  #7DayService #prioritymail #hahahaha http://t.co/oQsqUAo5a9
540;0;@inthisdimension @2AFight No, it's secured by the Cartels so that they can charge huge sums of money for illegals to cross into the US.
541;1;One of my favourite things about going to fanshawe is walking to the Z building 
542;0;@ManuclearBomb what is your argument? 1/$12.5 for Butler > 2/$17 for Morales?
543;1;"@MorganKIRO7 Those ""waves"" are epic!  He he"
544;1;@CNN too bad CNN can't conceive their own story. #truth #news ?   #hypocrite #expose  #fake #exposed2014 #boycott #sponsors
545;0;i would tell ya, but you just wouldn't understand...:heart_with_arrow:
546;1;just dropped my new single||it's me||i'm single 
547;0;Can't even explain how excited I am for tomorrow. :hundred_points_symbol::basketball_and_hoop:
548;0;@TheSpinDoctor Of all the Spice Girls, you'd pick her?!
549;0;Have you gotten your tree yet? Xmas tree nail wraps available at http://t.co/V9UbrHo8iF #nailwraps #nailart ... http://t.co/ft4T8E03c2
550;0;Welsh devolution? How's this for starters... http://t.co/47moRb9jPr
551;1;Can always #countonmother to impart #wordsofkindness. Especially on a special day! !!
552;1;I'm glad H & M has employed enough staff today.  #nohelp #terrible
553;1;Aaaaaaaaand we're back in the ER. Hooray for no sleep! 
554;1;Why YES! Of course I use  a lot in my day....because violence is illegal.
555;1;My dads letting me drywall with him for Christmas. Just what I always wanted. 
556;0; feeling well
557;1;http://t.co/xMzzKi6kn6 << This should be Christmas number 1! #accounting  #absolutetosh
558;0;#Italy -- #Cabinet #approves #first #planks of #Renzi's #labour #reform. http://t.co/IYhgKBCoks via @reuters
559;1;, on the Same day, the 50th anniversary of the #FreeSpeechMovement, a brave critic, was abandoned by our conformist #Press.
560;0;I really need to shoot something soon.
561;1;@MBCompanyMan Also, I would not that my tone was joking, though it's difficult to properly convey that in a Tweet. 
562;0;Do you like quality #dancemusic? Go to http://t.co/caSQNIO8Ka for some great FREE downloads #UK #NightClub> @biggrooverecord
563;0;@MagicManRAW @YankeesWFAN you don't know a damned thing about baseball, do you?
564;1;Yes it is much more logical to support criminals & attack police officers for protecting life & property. #HandsUpDontShoot 
565;0;@JeffersonLake Are they going for the very original plans now?
566;1;@Shaneonair large companies don't pay tax and get away with it.individuals who don't pay get locked up or fined. 
567;0;@superaielman @Parlett316 the upper deck definitely seemed like Philly South.
568;1;Getting my midterm back was such a great start to my day  #badday
569;0;.@Moz @randfish Woot woot! Whiteboard Friday's are my favorite Friday activity!
570;1;Life requires one to be strong at different times. I wear my red briefs over my pants. U just need a lil lust to see 'em. #TooMuch 
571;0;@KelseyDPeterson @Get_Merked22 I can sign you in as my guest....
572;0;@SqueezeMy_Lemon @RealSports @MapleLeafs @TORHABSFAN well played Matt. Well played.
573;1;Wheres the rodgers in brigade 
574;0;@blissfulbrann holy fuck, those lyrics fit so good to the movie Interstellar! #chills #freakyfriday
575;0;Porygon2 #are  found in the www.monstermmorpg. com #wild. bulbiest follow @MonsterMMORPG #working
576;0;!! @DatWaveMagazine #2n1Edition @Marvelousuk @MAZIMONTANA @skinny49 http://t.co/oRT6ZYfGhx
577;0;@Yagu4Mp Lol I reckon. Was all in jest. I hope.
578;0;Today is just not my day :pensive_face:
579;0;@timdobbsphoto Because we need an excuse to pop it open! My dream is McDonalds and Grand Cru. #ChampagneExcuses
580;1;Experts Doubt North Korea Hacked Sony « CBS Dallas / Fort Worth http://t.co/2xIWLuFeGE #hacker #hacked 
581;0;@ceddamack The Raiders are. I guess we'll see how things play out tonight.
582;1;Oh hello flu! Thank you for fooling me in thinking you were gone! I missed you so much!  #flu #yaay
583;1;"The word ""#Trust"" coming out of the mouths of #Holder or #Obama is just rich with  and #hypocrisy. #IRS #racebaiters"
584;1;When you show your valid 16-25 railcard and shes charges you full price anyway. Great service from Tamworth  @LondonMidland
585;1;suddenly w-wada  http://t.co/lwdLPpuDSj
586;0;Sailing-|×|#me #selfie #ootd  #cool  #cute #girl #tumblr #black #style #rock #punk #vsco... http://t.co/sDn3W9Kqvk
587;1;A romantic candlelit dinner for two would cost less if you switched the lights on -  ESKOM pic from the 1990's http://t.co/cxnIdmB3qn
588;0;@Rickmayhem @dearmothica accordng 2 lawyrs, evidence supported both sides, could hav supportd many differnt scenarios, warranting indictment
589;0;The fans needs to be heard tho RT @cupcake78318778: @Sum4uckingMoney @jonso4tindo WENGER WILL NEVER QUITT.SORRY LADS. FOR FEW YEARS..
590;0;My prayers have been answered WE OUT
591;1;Fully charged my #Anker portable charger...it lasted 1/2 an hour.  Awesome #Fail
592;1;As if i need more water in my pasture. 
593;0;"It's the crackhead uncle of the HBCU family ""@_KKoolPoINtz_: Every HBCU in Alabama looks at Alabama State sideways lmao!"""
594;1;No response always seems to attract response. The ! #aintnobodygottimeforthat
595;1;Girls who can rock this thang~ #PrincipalSwag  http://t.co/5eCiip7D3j
596;0;And my christmas shopping is done.
597;1;@FoulNecromancer lol how and what is a cthulhu ?? Funny autocorrect so helpful 
598;0;My son is so thoughtful he loves taking snacks for the class.# always thinking of others #raising him right  selfish
599;1;A 21 year old (whatever age you are IDGAF) acting like an immature little @#$%& in public? Yup you're a classy one.  #SoNotClassy
600;0;Update! Punt an Ostrich ? http://t.co/rtw7QI7n2V January 2, 2015 via @TheM3Blog
601;1;Hiding in plain sight. By #MichaelBeerens (http://t.co/EJaFcMsIrA) #graffiti #streetart  http://t.co/T3kvGtDBO9
602;0;@KmbSmile @MyLittleBloggie when did you get so cynical, Karna!?!?
603;1;Today is awesome 
604;0;@carlscards nm, I'm silly and didn't see the website.
605;1;Heh, and fat, too. #ShotsFired 
606;1;@Braaanchy14: Love randomly waking up at 5:43 am  me everyday multiple times :unamused_face::unamused_face:
607;1;Christmas shopping on 2hrs sleep is going to be fun!!!!! 
608;0;Stay tuned for drunk videos of my mom
609;1;"The  of #American #protesters calling for an end to #RacialProfiling while holding signs referencing "" #BlackPeople "" | #ICantBreathe"
610;0;#sup#twitter#sorry#i#talking#alot#so#i#thort#i#sould#just#say#hi
611;1;You really know how to treat a girl 
612;0;http://t.co/NA81q6lLGp #SchoolSystem Update #Textbook Lies to support #Evolution theory. #Tco... http://t.co/UERNS7uCoM
613;1;This chap seems to be a bit of an over sexed out going extrovert ... Must be his overly masculine voice and demeanor.  
614;1;They bombarded out country  #immigration @BBCr4today
615;1;Soooo deep  #narrowminds #stopwatchingthenews #andstoppreachingoffyoutube http://t.co/kEcp9We6yA
616;1;@TheOtherRosie  I'm really big supporter of #lawenforcement. Like Sheriff Clarke said, it's all theatrics. #Ferguson @foxandfriends
617;0;Feels like we been playing against the refs most games. That was a clean Wall block that the refs took away. Ugh.
618;0;Ed Sheeran smashing out his tunes on the Victoria's Secret catwalk. Ginger legend!
619;0;@sharna_woodcock well the pain isn't makin me feel sick anymore so:thumbs_up_sign:be all better for the big fella :father_christmas::wrapped_present:
620;0;"there is no such thing as ""racists"" because there's only ONE race, HUMAN @RBRNetwork1 @Dolphin__Man @TheOldBreed1775 @jus1314tin @CoutoPanda"
621;0;4 days left to enter @MyFairDaily & @Kallie_E @ErinCondren planner #giveaway http://t.co/jglyhsMWiY Enter to win! #bbloggers #lbloggers
622;0;"Walking down the mall in front of a group of guys and hear ""even the momma got it"" Jesus lol everyone loves polly"
623;0;I'm okay with snow, but sleet #howaboutno|:face_screaming_in_fear:
624;1;Please instagram all your xmas presents I'm dying to see them  #nobodycares
625;1;Patrick Kielty hosting Radio 2's Comedy Awards... 
626;1;#instacraze  #addiction :face_with_stuck-out_tongue_and_winking_eye: at http://t.co/12RgzDqOR3
627;0;#ECB #pondering #how #best #to #act,  #whether ...: ECB pondering how best to act, not whether ... Reuters – 19... http://t.co/ve282x8yGy
628;1;World's greatest wars can be won with mind. Invincible is the one going on within mind. #lifequotes  #copycatsays
629;1;I love seeing a guy go 50 and texting in a school zone, #soproud  #gpabdrivers
630;0;@sollyakhtar @OK_Magazine @Nikki_Grahame1 #whoISshe LOLOL !!
631;0;I can't waitlove#this#is#love#and#you#cAn#tell#me#how#much#this#is#gonna#last#beth#rip#twd#forever#bae... http://t.co/HGOILGoFoS
632;0;Main issue with the walking dead- you forget to breathe when you're watching. So bloody good #WalkingDead
633;0;@BowlerBarrister I'll be a bit sweaty by the time I get to you!
634;0;@sethedel @FisolaNYDN Until he becomes the most loved athlete in his new city.
635;0;It's too early to be awake! :confounded_face:
636;0;"Wassup buddy....hows everything. ..will look for you ""@EduMkareThaDj: @IamNickRwigi boss kupotea nayo..Acha hizo #notcool bro """
637;1;.@ThatNeilGuy Isn't it great how all those ppl have done a public mea culpa since that didn't happen? 
638;1;"My teacher just gave me an ""I feel sorry for you look"" I must look really adorable... "
639;1; :-|Gifted by the God|Improved with Skills| #KarmicThought #WiseWord
640;1;@honestfandom oh mature girls 
641;1;@dohanews they can use white/maroon xmas trees :) 
642;1;Sure Staff... Now Hiring.  http://t.co/HDgfxG7elF
643;1;Love working and be exhausted all the time 
644;1;I hate when random people get in the hot tub with me #favthings  https://t.co/RsjUcgRhJv
645;0; just our problem - The Express Tribune http://t.co/KmDQn0IZ3P
646;0;Si Ms. Educ hehehe clear my ignorance :smiling_face_with_heart-shaped_eyes::face_with_tears_of_joy:
647;0;#SteveHarvey worships #Obama b/c he doesn't research, then calls every1 else ignorant. #Fuck this guy. http://t.co/4ENfDvU4hN  #Idiot
648;1;Can't wait to see all the ig pics of people bragging about what they got  #noonegivesafuck
649;1;330am benedryl runs for an allergic reaction to a drug which literally saves millions of lives every year. #yippee #happiness 
650;0;Quizfreak http://t.co/Xh84TdHpoc #proud #Brummie over here xxx
651;1;Just submitted my final paper of the semester. It's only a make-it or break-it on whether I pass the class. No big deal. :expressionless_face::thumbs_down_sign: 
652;1;Pediatric Grand Rounds on statin therapy and the dyslipidemia of obesity. Breakfast on offer is 2 grand platters of donuts. 
653;1;Me: my stomach is upset.| My stomach: I AM MORE THAN UPSET! 
654;0;@TheHockeyNews @THNRyanKennedy not bad for a kid from Az. Hockey doesn't work in the desert. 
655;0;Ohio State putting it #OnWisconsin ... No match.
656;1;Love it when you can see people have read you facebook private message but they just don't reply 
657;0;I need new boots for my birthday.. And by new boots I mean like 3 or 4 pairs :smiling_face_with_open_mouth_and_smiling_eyes::smiling_face_with_open_mouth_and_smiling_eyes: #ineednewboots #boots
658;1;The ever so caring @rupertmurdoch gets to see the siege ending first. Great journalism. 
659;0;@lb_southwark Why don't you Tarmac all the speed humps in The Cut in 1 go instead of bit by bit as the brickwork disintegrates!|:rocket:Science
660;1;Go go Power Rangers! #f2xmasparty  http://t.co/A8xOlFt1ub
661;1;What a good way to start the New Year..|
662;1;Sitting in this hall is fun!!:unamused_face: 
663;0;Rodgers needs to go man , didn't think I would ever say it but he has bought some shit players there  #good #enough
664;0;#Bit #Chair #Comfy #Mind #Nope  #ikea #decor|Please RT: http://t.co/Ltwy7dhZFf http://t.co/D0TaUm1HuH
665;0;I think #Stars are just the most gorgeous things in this world :sparkles:
666;0;"@fuegalove: @princessTAYLER: Me and Cam Newton will be engaged by the end of this year just wait on it lmao"" BYYER FOOLISHA""<<good night"
667;0;Lady in red :heavy_black_heart:️:sparkles::kiss_mark::princess::dancer:|#ootd #im #the #mom  #the #godmother #lol #athenakairalyn #baptism #love... http://t.co/2RSoEHSV0B
668;0;@Steeeneer @TMZ I know,  right?  Not like the LAPD have anything better to do. This ain't a distraction or nothing.|
669;0;#Law&OrderSVU where rappers go to act
670;1;I always LOVED that my family was the last one to open presents 
671;1;Of course I'm not nervous, I'm hyperventilating for fun. 
672;0;@660News We ll take that bad at all
673;0;@GazTheGooner84 Haha go to Icelands x
674;1;I just love it when my knee clicks :smiling_face_with_open_mouth_and_smiling_eyes:  :unamused_face:
675;1;"@LexGrayWAVY @WAVY_News ""Unity we stand"" all white people. "
676;1;@HuffingtonPost Who France? Impede free market capitalism? Socialists? No... not France... #shocker  #Uber rocks. Suck it France.
677;0;#finalsweekgotmelike Ugh. Make it stop. #finals #finalsweek #EWU http://t.co/eYYoDV2aNV
678;1;2 a.m. trips to Walmart for mess are always fun. 
679;1;@TNADixie @IMPACTWRESTLING @DestAmerica Fuck yeah! 600 more viewers! 
680;0;@zenzontlee A lot of ingredients. More specifically.... Like a lot a lot
681;1;So glad y'all can be awesome now.. 
682;0;@lilybird @lindasays do you wanna cry? That's how you cry. Omg
683;0;@JOJEHARVEY @matthewtcouch oh aye, I'll give you that 
684;1;Always nice when a 40 year old man you don't know calls you pretty 
685;0;@chris_steller @RandBallsStu I expected some sort of apple quip but that's why you guys do the jokes and I do the news tbh
686;0;@mpolz_25 mostly LRS stores, just depends on who gets what. I'd say I tend to split between @CascadiaLIQ & @metroliquor_uni
687;1;Extending trade and not telling the people about the extended trade. Best idea ever! 
688;1;NYPD blog: http://t.co/TJP2KAP9du  Don't you feel safe and protected?  #ICantBreathe
689;0;My professors moustache is so uneven, Mohstash would be ashamed right now
690;1;No reply day! I mean, week!|#Happiness 
691;1;Up all night took 4 hour nap I'm ready for work 
692;0;@TMcCarthy34 Can you come shovel my driveway? You owe me for helping you become the man you are today. #givingback
693;0;My life on a daily basis  #notreally #lcsbeauty #followme #lblogger http://t.co/Gb7WECItTD
694;1;wow they seem to be so turnt 
695;0;@billisFPS you are sleeping? Wake up the next AC game has been leaked!!!!! #ACVictory http://t.co/oEyqK4fa0g
696;0;Heaven help the fool who did her wrong
697;1;I hate plane rides but I wanna go to so many different countries 
698;1;oh lord!  RT @popularmsem: RT @ShockingFactsz: Before becoming an actor, Tom Cruise wanted to be a Catholic priest.
699;1;Not a fun day for my mouth... Two teeth rebonded, one reengaged, and now I get to have my wisdom teeth out #soexcited 
700;0;Ummm can I please have @KipMooreMusic for Christmas?! Dang he looks great tonight. Why did I not go to this thing tonight?
701;1;yet another rainy goshen concert night:umbrella_with_rain_drops::violin: #surprised 
702;1;Write hundred tweets on Kejriwal every day and then go on to declare that he is irrelevant when it comes to Indian politics! 
703;0;Sinking my teeth in to why the SPS failed in VT
704;1;"While politicians are busy in scuffles #PakArmy is doing their job yet maligned  ""@peaceful_h:Salute 2 PAKARMY http://t.co/XZje4FxCLf"""
705;1;@teemysbosworth yay!!!! It works  #HateWhenThingsDontWorkRight
706;1;idk what I love more how cold my western civ class is or western civ. 
707;0;Are you excited for the new #Blackberry #Classic #smartphone? Check out this article by @engadget: http://t.co/k4FId6DpR4
708;0; going http://t.co/LBB7vzV6yx
709;0;@seanmendes69 on stage at #flzjingleball at the @amaliearena in #Tampa #iheartradio http://t.co/zcptj6S5qn
710;0;Alright who was dreaming about me last night because I could not for the life of me fall asleep http://t.co/AqyWHaBsjA
711;1;isnt it the best when youre really tired then when you finally get in bed youre wide awake? I LOVE IT 
712;1;Travel and tourism this morning.My favourite lesson whoooo 
713;0; 3 But 350 Girl Friends - #DrAmbarish- Upcoming Movies http://t.co/oxVfdavXl4
714;0;@jtomase @alexspeier Can we bring back Youkilis? Remember when 30 year old Youk charged mound & 19 year old Porcello dropped him? #RedSox
715;0;@HIM_88: AMAZING. I love this team. They scrap and always find a way! 15-6 <-- indeed. #dcRising
716;0;@iamgiant would wear this #proudly... size #NZ hahaha
717;1;San Diego is amazing and I'm never coming home 
718;1;My favorite part of dislocating my shoulder is now being able to feel it roll  around in the socket 
719;1;Successful morning doing my essay...  #ChristmasShopping
720;0;Knock knock #sketchy #dignity #smile #funtimes #brotherskeeper #whosonfirst #holiday #shenanigans... http://t.co/JFPPE1PMsP
721;0;Gah! Desperately trying to bust this cold!
722;1;Yay! More worthless Windows 8.1 updates. Computer still never sleeps/hibernates on its own. #fixit #fail #Microsoft 
723;1;@raeraeduke  your application is already filled up waiting for you to turn 21
724;0;#MIley #Cyrus #Is  #The #Bad #Influence – Sources Say Patrick Schwarzenegger Is!: Miley Cyrus has been dating... http://t.co/JVzDU6PRtf
725;0;Just watched the last ever one tree hill. I'm an emotional wreck and it's not even 9 o'clock
726;1;Makes perfect sense to get mad about something that happen 4+ years ago. 
727;0;Are we too young to understand
728;1;@C_DLord @C_CWilson1 Lovely on Carnoustie beach this morning...| #soggybreeks
729;0;If this year wld be filled w all these rainy days it wont be so cool a cool way to start e year
730;0;http://t.co/dPkkL6CjP5 #Landlord collects #Rent from #HoneyBees in #BeeHive ... #Bee #Honey #ItalianBees http://t.co/zpdngFWtJh
731;1;I only bought a few people gifts this year :flushed_face::flushed_face::flushed_face::flushed_face:  http://t.co/dCNW7tTApn
732;1;Well done @tesco for making it possible to get emergency messages to a member of staff. 
733;1;Now I remember why I buy books online @WaterstonesMK #servicewithasmile 
734;1;@SP_EnergyPeople I see your response time on your DM's is as good as your phone lines.. just no hold music. Legendary service guys.
735;1;thanks for clearing everything up Koenig  #serialbrady
736;1;That moment when #BabyBoomer next to you philosophize about the lacking #communication skills of #GenerationY ->  #NewWayToCommunicate
737;1;@STN_Airport your busy staff  standing about when people queue #joke http://t.co/IS904hBqnK
738;1;#Dallas #traffic I sure missed you!  @ Downtown Dallas Traffic http://t.co/ryHS7wiLb7
739;0;i.e. cutting gov't spending, as Harper has done w/ public sector jobs, injures the economy & multiplier effect of those jobs #cdnpoli 2/2
740;1;@ColossusBets reminds of me of myself when i was younger||
741;0;Fear & Loathing in Las Ukras: http://t.co/W7lDS7pqAt. #Politics #Russia #Ukraine 
742;0;somebody wake me up early tomorrow ive been facing weird aches in my back since early december .,. and why do u think that relates madaka
743;1;@karan139 so funny lolololol 
744;1;@WNSource So we can see Reigns do a lame superman punch & a spear? Gee, can't wait! #RAW 
745;0;#np #NowPlaying #NowListening #Music  Of Dying On Your Birthday by #Senses Fail from the #album: #Let It E... http://t.co/UVua6B8dJW
746;1;I love cold winter days cause I never know when my car decides not to start :expressionless_face: 
747;1;@msmalcriada @ershannon Time to listen to ppl complain bout their lot in life bec they cudnt make themselves anything??? Yay!!!! 
748;1;I picked a great night to not want to sleep. 
749;1;It's hot, it's humid & you're wearing uggs. Wow. Nice style! 
750;1;OMG YES. 7:30 FINALS ON A FRIDAY ARE MY FAVORITE. :smiling_face_with_heart-shaped_eyes::heavy_black_heart:️:information_desk_person: 
751;0;@knowonehome: It's really difficult not to bark back at my pms-ing daughter. When bae tweets about you <
752;0;@Ego_Gets_Dollas @DBrooks55 Kick Raiola out of the league. #Scumbag #RepeatOffender #OneGameIsNotEnough
753;1;Today is awesome! 
754;1;"Oh, joy! 'Tis the season for ""Christmas came early"" leads.  #DoBetter"
755;0;It's freezing out there & very hazy .... Just want to go home.
756;1;Can't wait to see that he has not talked to me and that he will never do it. 
757;0;@ArranArmitage because I find people with different ideas and ways of life interesting.
758;0;Just ordered 10 new pairs of underwear from Victoria Secret :smiling_face_with_heart-shaped_eyes: #yay
759;0;#Big #match #verdict: Tottenham's #Chelsea #loss #was  #another #dark #night #at #the ...: There was no end to... http://t.co/ozmBpRPR95
760;0;"@AndreDrummondd What do you order at Kona Grill? For ""fast food"" Sushi, that place is delish."
761;1;"Here's an ""It's cold and I had to scrape windows so I'm sad"" selfie...gotta love living that hotel life  http://t.co/ibBzS3ELQC"
762;1;Lol, who throws middle fingers up in pictures anymore? Oh, you're bad. 
763;0;"Day 9 ""something your reading"" #decemberchallenge #lovehistory#lovenonfiction..:white_heavy_check_mark: @ Our Cosy House http://t.co/zPXG1tou3o"
764;1;Climate change redux: CALIFORNIANS experience drought & voted for bonds to cover.Climate changed &now we have most rain in 100 years. 
765;0;@jerridsebesta my mom told me not to do it, but I'm fine
766;1;Look really awake and like I've made an effort today 
767;1;My dove wrapper told me to be mischievous, so if anything happens, that's my extenuating, external attribution to blame  #psych
768;0;@tinyRetard *kisses you cheek* that's enough. im not a love bot.
769;1;@KimBhasin @HuffingtonPost So is he banded from wearing the clothes?  #Karma
770;1;@Madalyn_Biggs4 yeah that's it 
771;1;hula hoops, hot chocolate and law revision. my breaks in work are filled with glamour and fun. 
772;0;They are still trying to decide if it's terrorism?? OMG! #sydneysiege
773;1;The fandom showing its mature side as always when it's about this kind of topic 
774;1;I love putting Flobeam mechs back together.||
775;0;Like Tyndall's system I just think Robert Hubbs should play more he gives us another scorer and a consistent 3pt shooter that our O needs
776;0;@BillfromBendigo You are no fun at all!
777;0;Why I love penguins of Madagascar  #humor #reliefcomedy
778;1;@carnsoreboxer you'd really want to watch that!! #excessivecomsumption !
779;0;That was a very rememberable new years kiss :face_with_tears_of_joy::kiss_mark::heavy_black_heart:️ #lovemyrelationship
780;0;480 W crawling at 7:30 am. Great start to Thursday. #CLEtraffic #cleveland #traffic
781;1;Just realized that the name of the comic sans' creator means asshole in French #nooffense 
782;0;Is Khallilah Henriques NNN all there? She mostly sounds blonde,but this morning confirmed it#Ignorant on race relations#Articulate Minority.
783;1;It's just SUPER to be ignored when you put out a desperate plea. 
784;1;Bhopal victims don't get justice aft 30yrs but don't find place in prime and a man traveling in business cls is prime time news.. 
785;0;This link will be relevant in a couple of days. http://t.co/EH75woor3u
786;0;i think BurgerKing is working with the SJWs. my fries are as salty as SJWs about @Totalbiscuit winning an award
787;1;I'm over these white hoes 
788;0;Caribbean girls anthem Caribbean Girls by Stainless MOB now in stores online http://t.co/gSMHCTKPvV #IYON #Dancehall
789;1;It seems that Erdogan sends his best regards to the EU 
790;1;Yay for my family leaving & going to Seneca & leaving me to fend for myself. 
791;1;@yenisley Aww, you poor thing, I feel so bad for you being in sunny Florida. I don't know how you can handle it!  
792;0;@jaketapper CA$H tweetin bout #BlackLivesMatter & #ICantBreathe ||NEWSvid- http://t.co/2667mS1bHz ||Start at http://t.co/GViBiZ4ZsH beatsEBT
793;0;A SMILE is a smile is a smile is a smile is a SMILE IS A MILLION PEOPLE STARING AT YOUR PISSED PANTS MANIC LAUGHTER smile
794;0;Casper the friendly ghost on 2 levels! #thingsmichelleobamathinksareracist
795;0;then there's this @HotNostrilsrFun @Rapmonster @RBRNetwork1 @officialgumby @OrionSLU http://t.co/CwaAYwUwGl
796;1;@sufisal @Muhammad123Ali Putting 123 between Muhammad and Ali? I find your own twitter ID quite blasphemic and offending 
797;0;yeah English stop saying Jane's word
798;0;@CommunityMike what's the law for parking on a residential street, on the opposite side of the road facing the wrong direction? #curiosity
799;1;"Good job @pmharper...""@globebusiness: Same-sex marriage harms free speech, new Ontario judge wrote in 2012 http://t.co/Y2vaFlYfbm"" "
800;0;Don't forget the true meaning of Christmas:person_with_folded_hands:
801;1;Um, really @RollingStone?  #nothanks #UVA http://t.co/8ARdG99p8L
802;0;#phillhughes #63  #out we will miss u always respect for u http://t.co/1bJQAKjyxl
803;1;@heyingridnilsen I miss seeing your face and t-Rex hands everyday on Vlogmas:loudly_crying_face::face_throwing_a_kiss: -Rexemoji:see-no-evil_monkey:
804;1;Gawd! I love 9am lectures and 4-6pm lectures. 
805;1;Wearing my @BriBrows22 rangers shirt, flipping off a crowd in his hometown of boston. So much  http://t.co/e7W8prHTE0
806;1;Since when did train fare get so expensive?? Jesus! Might aswell of drove.... Shame I'm drinking 
807;1;The city that only sleeps on mass transit. #naptime  #isntitironic #donchathink #imnotsure... http://t.co/yKcxmW5dVX
808;0;I hate babysitting when I'm sick because all I wanna do is sleep but I can't :pensive_face:
809;0;I now have ZERO resect for DeMarcus Cousins.
810;0;Uhhh can't sleep someone like n I'll text u my phones dry ass fuck fr #am  #a #boring#person
811;1;Jordan fan here|| :face_with_stuck-out_tongue: -not a hater. http://t.co/daNzVEUucm
812;1;@RadhikaMukherji y r women considered inferior2men by society even wen in most of d families 2day men need women4decision making!  :D
813;0;@ErrolNazareth @SEvangeline @ShakuraSaida That is fine company!
814;1;Well that's my Becky in London with her nan, an the big girl dan too start her new job tomorrow #feelingabandoned  haha
815;1;It's okay, you know playing loud music during quiet hours is perfectly fine..  #somepplhavetostudy
816;0;@TomBull114 @MatthewBull07 were not American it's mum
817;0;It's beginning to look a lot like....||... Intravenous!||#selfie #xmasdo #xmasparty @officialmrstorm http://t.co/ur5mUJXpDG
818;1;I have such a loving family 
819;0;Probably just scarred the cleaning lady half to death because she didn't know I was home.
820;1;It's not even 9 and I've already called the cops twice.. Damn I love my job :unamused_face: 
821;0;Oh crap, Mac shutdown corrupted iPhoto so hours of rebuild ahead, so might as well eat and drink! #FestiveFattyBumBum
822;1;It's great to hear a bloodcurdling scream at 4 in the morning... 
823;1;Have successfully avoided everything from season 4 - which I've not seen and there's an S5 one, in my timeline.  Thanks Indy! 
824;1;@FAOnews @AMISoutlook And why are these amazingly small opportunities to sustain life going into feeding animals which we then kill? 
825;0;Can't get over this very British weather! Remember to check under you cars and wheels for any small animals, they like to hide under cars :cat_face::dog_face:
826;1;It is so rewarding to work in a place where the teachers and students have been reduced to nothing but numbers and test scores.  
827;1;Our physics exam was quite fun...  #Prelim
828;0;Photoset: leupagus: itsxandy: thefingerfuckingfemalefury: sevenpoints:  getting paid enough to put up... http://t.co/4MXvFgslSC
829;0;Officer #Jenny is  a single www.MonsterMMORPG. com #entity. cestas follow @MonsterMMORPG #dancing
830;0;Will #NASA go metric before it inches to Mars? 3,600 miles is 5,794 kms by the way #OrionLaunch #NASA_Orion http://t.co/eWPJLc4ZSS
831;0;@UoCDisSupp @DuchenneNow @ActionDuchenne @Duchenne_Heroes I'm off to visit great-nephew very ill, only 20  fair
832;1;anw as long as there's nothing going on with the both of u rn, i can still forgive u but i cant promise to forget 
833;0;#Fears #for #female #Saudi #activist as #detention for #driving a #car is #extended http://t.co/kXKPawBJx1 via @guardian
834;1;Oh and it's a positively balmy 7c 
835;0;I #may or may  be #watching #Rockos #Modern #Life... #ForeverA90sKid #ImNotTheWallabyIusedToBe
836;1;decided to do a really fun thing, left myself 15 hours to sit an exam and write 3 x min. 1000 word essays 
837;0;@restlessduncan @SR_Duncan I accept him the way he is...
838;1;@jimmyk52501 @MotherJones @NickBaumann I love when the wilfully ignorant embraces hate and still think they hold a moral high ground |
839;0;@KyleCGShore a kiss on the cheek next time is enough :)
840;1;@salgovernale No clue what you were talking about? Well that's a first! 
841;0; a bad game last night. Way to go Packers! http://t.co/9vvSvsEnmF
842;1;@stillfallin_ great Christmas. 
843;0;Florida authorities say 1 police officer shot and killed http://t.co/DjcjLrbeRw #Florida #TarponSprings #TampaBay
844;0;I was wrong when I thought I will find a way that doesn't lead 2 you
845;0;@ManuclearBomb Players are penalized for not playing defense as you're aware. David Ortiz barely above average in '14 based on WAR.
846;1;14 units next semester plus work yes so excited for that!!! 
847;1;i need to start going to bed earlier...smh, goodnight everyone, or should i say goodmorning haha #morning ... http://t.co/cGCD326NWF
848;0;@SheikhLarki try Naheed akhtar & nayyara noor too. gOLD stash.
849;0;@HeyAmie @brad4word I have no idea why Brad would be in the doghouse...
850;1;BBC News - 'Skywalker' passport cancelled because it was 'frivolous' #trademarks  http://t.co/chTEamOZcC
851;0;@kathleen1350 @GopherFootball @jamieyuccas Jamie took over my account. Don't worry
852;1;Finally 2015 will be a worry free year for me. 
853;0;Tomorrow's afternoon #NFL sked in #PanamaCity area: WECP 12p #KCvsPIT, 3:25p #INDvsDAL
854;1;@br_radio @BR_NFL @JasonPhilCole no duh. ? Is will owners fire Goodell for it? My guess he gets a raise  #GoodellMustGo
855;1;@LucelinaB82 I be surprised at how many ppl have me blocked :weary_face::weary_face::weary_face:  #ITalkTooMuchShit #YOURSTILLCLOCKINGMETHO #ThatsWhyYourGirlStillFollows
856;1;#politics is not my cup of tea says #sonakshi @sonakshisinha  of #lingaa fame . #sonakshi dad #shatru is our top #bjp leader
857;1;@K_TR69 @tracieeeeee @KDunham4Prez too much of that herb. New trend of potheads contributing to society maybe? Darn that 
858;0;EXO COMING SOON 2015||Better pray this is better with 10 members *sighs* But either way, obssessed fans would still be obssesed ._.
859;0;Big 12 fans flocking to support TCU after that OU beat down, Texas loss, and WVU manhandling lol.
860;0;I have a VERY limited number of press seats available for a Meet Me There screening in Austin on January 21. Hit me up, press types.
861;0;.@toppscards I couldn't find the letter in my binder, but I did find these! http://t.co/AZ68gH8y7v
862;1;@peta @KemDizzle     and how many animals does peta kill every year.|#hypocrisy #idiots|might want to point CID inward!
863;1;I love waking up at 3am feeling like my insides are being chopped into tiny pieces and set on fire.  #killmenow :loudly_crying_face::hocho::fire:
864;1;"@Darhino_ @joystiq sure! ""wow, Nintendo has achieved what Sony already did years ago"" "
865;0;#America #continues to show us that it is  here for #BlackPeople even though http://t.co/plj8KgPsbu
866;1;hmmm. I do wonder why Astec has one fewer employee? #lol 
867;1;@falklands_utd @StanCollymore I'm sure you're all inconsolable 
868;0;Listening to the rain in bed #Peacefull :umbrella_with_rain_drops:️:splashing_sweat_symbol::droplet::splashing_sweat_symbol:
869;1;Yay for getting pink eye again!  #whyme
870;1;wow what great banter from @WillHart2014 
871;1;DNA from Richard III has thrown up a surprise: evidence of infidelity in his family tree. http://t.co/tXu9ZtrNaX  ||Well I'm SHOCKED. 
872;1;Isn't it great to sleep 5 hours and feel like a million bucks?  #gettingold
873;0;@DianeWilmot1 @deray I honestly haven't a clue. I'd hope there were some since the surveillance cams I've seen show barely anything
874;1;People who don't get : you are THE BEST!
875;0;I liked a @YouTube video http://t.co/Jzuvo7lsxW NEW Chocolate Bar Palette Review | Semi Sweet vs. Original
876;1;Can't wait for my 7:30am #dental appointment tomorrow!|Oh time please speed through today! !
877;0;"@legallyblonde64 @PBuffkin ""I can't look at a bridge without crying now."""
878;1;Love how I can never fall asleep  #insomnia
879;0;@sophiaqualquer what for ? waste of time...:)
880;0;Can we trade McCain? Biden helps Republicans more than McCain. In any other time, McCain would be a Democrat. | http://t.co/SitsHhM6W2
881;1;Happy Monday!  Hate mondays.
882;0;Is holding not a rule anymore?
883;0;@burninggoats no doubt. And we wonder why Xmas makes ppl crazy?!
884;0;@LadySandersfarm: @intreeg_me It did get yo lazy butt outta bed, didn't it now. Thanks for proving my point!
885;0;its not that so much as his lies and deceit, @TimOwensby @RBRNetwork1 @TheOldBreed1775 @real_smart_guy3 @DFW_AlertsCTC
886;0;"I liked a @YouTube video from @jdfromny206 http://t.co/oeb8mtMIpj WWE 2K15 (PS4) My Career Mode Ep: #12: ""TRIPLE THREAT"" | WWE 2K15"
887;1;Hey, @HLTVorg. DenialCSGO decided that they want to replace @denialfugly and I'm their new player. #NAShuffle Nobody is safe. #CSGO 
888;0;This time change is crazy. Everyones all up here like woohoo its 11am lets live life! & I'm like it is 5am & I have not slept at all yet.
889;1;Why isn't there a playoff legend Romo? @EASPORTS_MUT 
890;0;#Palestinian #Authority -- #Abbas #trades #stalemate for #confrontation in #ICC #move. http://t.co/rDKOFf0s39 via @reuters
891;0;@P333Games @AskPlayStation thnx all sorted now.. #kids #happy :smiling_face_with_smiling_eyes:.. Thanks again @P333Games for trying to help most of all thaku for replying
892;0;How to know when he really loves you. #tmi #imsorry #chickfila http://t.co/ghhfbkyW5V
893;1;Damit, this fatima bhutto has an instagram account but not pics of her. Some random shit...and then ppl i follow keep posting pics. 
894;1;I love how today is going 
895;0;Tribute to a brave elephant simply defending his family. http://t.co/Mo74x8M5kA
896;0;@BlogOfErised so I gave up and am now heading for bed orz
897;1;So nice to have a final before the sun is even up :smiling_face_with_smiling_eyes: 
898;1;so @AskPlayStation still waiting, my son is very happy enjoing his christmas gift ... i cant understand how u didn't prevent this ...
899;0;Count Pushkin to End this fvckin night smh
900;0;Home finally! What a way to start the christmas break!!! :thumbs_up_sign::ok_hand_sign:
901;0;@JackShiite @BigDaveTsv @MjrElvisNewton You're arguments are obviously very impacted by the fact this family were TSI in appearance.
902;1;@mcquadejennica I just got my tonsils out #lovinglife  .. Good luck!!
903;0;The counter argument... RT @slmandel: If OSU lost last night, Baylor would be in & we'd all be talking about benefits of no Big 12 champ.
904;1;Oh we get to see The Queens Garden on #itv after she addresses the nation. Just what I always wanted  :flushed_face:
905;1;Oh how I love fainting randomly  
906;1;@ViewfromGorgie |My Jambo buddy sees a more Scottish identity emerging for HMFC.|The John Wilson types can travel to Govan.|
907;1;It's such a joy to wake up sick again and not be able to use the one arm I do everything with. 
908;0;Photo: #Say it loud say it #proud! #Nope #never!  a quitter and will never #be... #always #winning even... http://t.co/CW8qeDU7NJ
909;1;#Love is far more important than #money!|The problem is, you only know it once you have money!| #life #humanity
910;0;@CheenaZafar :grinning_face_with_smiling_eyes: contrary to this ... I'm wide awake (caffeine injected consciousness ) :flushed_face:
911;1;Many of the best ideas come from having fingers too fat for your keyboard.  #nimble  #agile
912;0;Time for my babies and I to take this medicine so we can get better:face_with_medical_mask:
913;1;Yet another out of a million doctor visits tomorrow...so.stoked. 
914;0;http://t.co/K69PvdLaA5 #TeenAnalCasting #2003 2003 Ford F-150 XLT Mulberry FL 33860
915;0;Been the problem, actually. RT @OBtoojiveforyou: @WashWizards tough road trip. cant win em all but coaching has not been strong.
916;1;Rolls-Royce, as envisioned by the wonderful people at Mansory #rollsroyce #purple #customcar  http://t.co/gbK733wrZ3
917;1;IT'S DEFINITELY NOT FRIDAY. THE REASON IS: It's Tuesday~! Yesterday it was Monday so why should it be Friday. 
918;0;@UberStaub you have never seen me
919;1;Last day of school it was so much fun but not much people came. what a shocker 
920;0;Besides some overpriced holiday candles, I haven't seen one #CyberMonday deal worthwhile today. Brutal.
921;1;This is the weather i just love walking to work in  #worst #weatherbomb
922;0;The #AdvancedWarfare campaign was only 6 hours -_-|PS: It's still better than BF4's campaign tho (that I didn't finish) :p
923;1;Nothing like waking up to 50+ financial formulas! Yay, for corporate finance comprehensive finals!  #finalsweek
924;1;I picked a great week to start a new show on Netflix.  #HellOnWheels
925;0;Bday lily painting for @laryssam27 :purple_heart: http://t.co/IAzvrBec91
926;1;.@tomorrowstand Yup. That's exactly how we do it 
927;1;@APMarkLong but it wasn't as bad as that picture seemed to indicate.  You're still a very horrible person.  
928;0; just like that http://t.co/ppFU03GQGL
929;1;Can't believe @TAMU is even considering renaming the Academic Building after Perry...b/c he did so much great stuff for public educ? 
930;1;That's nice. 
931;0;Check Out this YouTube channel: https://t.co/4t87VM36Y5
932;1;It's been a great week for dictators.  Congrats North Korea and Cuba. 
933;1;My boy has another cold and spent the night coughing and sneezing all over me #sexy 
934;0;@ChancelleM have you heard back yet?!
935;0;Went to check on 10 cause it was way late for sleeping and BAM she was never here. Why did no1 find it important to tell me this???
936;1;The whole world can never get me on my level 
937;1;@NYPDnews y'all are doing a great job at keeping people safe 
938;0;i dont think it would matter, metric or english, he doesnt understand math @Chillytimbo @brownbearmike1
939;0;"Wings? I don't have wings! |""Of course not... You're a boy!"""
940;1;The UofL student ticket policy is such a well thought out plan, good job SGA.  #ihateyou
941;0;:fisted_hand_sign: #fistbump #positive #focus #starve #distractions #werk #motivation #createpath #uplift #success... http://t.co/Nzpp4X5j1f
942;0;Rants about being pregnant and judged for buying a bottle of wine. Poses weekly for belly pics in front of wine rack.  or #fail ?
943;1;@Defothedinosaur get around them 
944;0;@GazTheGooner84 oh right do you know John Parker the pisshead @ParkzTheDon
945;0;#FEMALECONDOMS  |#herpes is  #curable, it #can #be #managed.. http://t.co/0Y1t0CNyZx
946;1;What an eventful weekend 
947;1;@MLS @ussoccer Awesome destination site. High population of 136k, super easy to get to, lots of great sites. Will do well there! .
948;0;Kyle it won't let me @ you? But yeah, we are grown ass men with fast cars. Who gives af lol. And bring it to my room hooah? See ya in a bit.
949;0;@Parlett316 that's where you are wrong, I can just watch his films and not follow him on Twitter.
950;0;@RoryWhite12 @Nick_Stafford I can't remember the last time I saw a newish GTi and have only ever seen 1 Golf R. What has changed?
951;0;I really really want apple pie boilo
952;0;@NoFlyDawn @daibyday This sounds high, but is safe for short term use. It dramatically increases antimicrobial peptides in the blood.
953;1;"Ostentatious ""a showy display designed to impress"". Thats the word I immediately think of when I see a woman feeding her child!  #Idiot"
954;1;@michael_adair @CelticLiam88 For Queen and country yet they go down and destroy an English city and attack English police lol 
955;0;Congrats still SASMVT for a good run. Ulitin nalang ulit ang 6-peat next year :)
956;0;She's in Malawi and I'm stuck in joburg  fair http://t.co/HIRR63yN1d
957;0;If someone could come give me a massage that would be gr8
958;0;I have #OTH playing in the back ground at work....ohhh #naughty :p but #FUN
959;1;my favorite thing to do on Tuesday is write psychology papers:neutral_face:  #killme
960;1;Yay for early morning protestors!  #heavyamountsofsarcasm
961;1;@NBCSportsRoc: Arizona Coyotes forge deal with BMW http://t.co/s7ZhDHk5li But, relocation!!! 
962;0;@XboxSupport hello, can you give me an guess when Xbox core services will be fixed?
963;1;@TODAYshow Joel Olstein, a man who hardly ever mentions Jesus in his sermons,  is going to talk about the meaning of Christmas?  
964;1;#ready for doing #business today :smiling_face_with_open_mouth_and_smiling_eyes:  :see-no-evil_monkey: #tiredashell #coffeecoffeecoffee #morecoffee #... http://t.co/baKHHhFBA4 http://t.co/juZ8pLcNES
965;0;I dont understand tlist as I dont read inamorata I only read inamorato lmao #sorry or prob  lol
966;1;She did two marijuanas and look what happened. Don't #LegalizeIt. #Merica () http://t.co/oHxBNeKEqT
967;1;... @NICKIMINAJ slaying in Igloo Australia's home country lol  RT > @MalikZMinaj: Nicki is SLAYING New Zealand! http://t.co/5oIm9uZNQr
968;0;See, this is why you shouldn't use version control!  #notjustWordPress... ||http://t.co/uCtj9WTxzl
969;1;Less than 5 hours sleep, fantastic  :grinning_face_with_smiling_eyes:
970;0;@AYJamal_ wesay Yar her date was good :winking_face: I guess she(in first meeting)wanted to b seen with a girl or smth(in hindsight I found her mashkook)
971;0;@vwigan sorry, missed off my  tag from the end of my tweet
972;1;I love it when adults act like children. || #eyeroll
973;1;I feel faint after chasing a whippet and Lily, Libby, Gabby, Millie the cats who were playing chase in the garden #AintItFun !! #notfun
974;0;@EarthPix: Adorable little white tiger http://t.co/GmFru7GmiR
975;1;I asked God to protect me from my enemies a long time ago .. short after I started losing friends  or #naah
976;1;@Espngreeny Aren't humans the ones who are playing the sport? 
977;0;@MulcahyBrandan @NourMays @thisisianhogan @Traviscrawf42 @Zinnsanity14 @tannerdixon55 @Victoria_Wahl not now guys finals :hundred_points_symbol:
978;1;K should give us a famous bf, some fan need an entertainment apparently 
979;1;@markknoller That'll work...  #HellBeFiredinElevenMonths
980;0;Didnt have no time to wake and bake this mornin  winnin :pouting_face::face_with_no_good_gesture:
981;1;Awake this early on my only day off before christmas...feeling ill banging head, bunged up, shivering... Just what I need!!!! 
982;0;It's beginning to look a lot like Christmas! #timetodecorate #tistheseason http://t.co/3Mh7cRrZN0
983;1;Sony Studio Bosses To Employees: Don't Worry, We'll Be Fine http://t.co/YVvoiiwxTu I know I'd feel better.  http://t.co/usu8Tlmo25
984;1;@patrickmchall @WakondaClub I bet those fairways and greens rival the work of @WakondaGrounds 
985;1;@Jordanbrown_97 haha quite right mate! They coonty workers have got it aff easy Al tell ye! Oot here workin like a hamilton accie :man_with_turban:  :face_with_tears_of_joy::face_with_tears_of_joy:
986;1;Lifes like a bird, its pretty cute until it craps on your head. #Gharwapsi #72HoursOfCrazy #PowerOfFive #lol  #AntiConversionLaw
987;1;@TaylorLaynee @Dweigh300 @KardashianReact this is shallow af, stop discriminating eyes, all eyes are beautiful. 
988;1;@madrabdgg MK1 Shadow Shift was so much fun.  @feltomgon
989;0;@talkhoops Pierce had 34. What's wrong with 36?
990;0;When we stop accepting crumbs in the name of love, only then we can equally appreciate the silence of solitude & festivity of loving.
991;0;God bless whoever came up with the idea of making coloureds bruh..not cape colourds thou
992;0;NEW #HipHop MUSIC:> @Flows201 - Crack Music: http://t.co/PQmUEmlJUf #JerseyCity #NJ #NY #BirthOfAWinner
993;0;Saturday selfies miss you guys @ellakcx @taracasey13 jessica101xxx mark8 :face_throwing_a_kiss::face_throwing_a_kiss::face_throwing_a_kiss::face_throwing_a_kiss:kiss each and one... http://t.co/9tG4rKuYNj
994;0;@Arbys: If you're loving this game, we've got a few desserts you might enjoy. #Turnovers #OREvsFSU even Arby's is talking smack to FSU
995;0;Exactly 1 year ago today! (via @timehop) http://t.co/m9E3NSZDIk http://t.co/U2OpTFAd1w
996;0;It was a greaaaat night! :white_smiling_face:️:grinning_face_with_smiling_eyes:
997;0;@StephHammy I wonder if they have that in an audio book...
998;0;Queens Of The Stone Age no Rock In Rio http://t.co/rhqRtBAxGm ícias #queensofthestoneage #rockinrio
999;1;@jordyn_eaton wants me to get hit by a bus so she can get a 4.0 #bestroomieaward 
1000;0;Hold It Bub! >> http://t.co/M4UO2D7UuF >> #cartoon #comics #funny #jesus 